id,subcategory_id,question_text,question_type,help_text,organization_size,sector,weight,required,created_at,updated_at
DE.AE-02_risk,DE.AE-02,"How would you assess the risk from your current adverse event analysis and response processes?",multiple_choice,"This question assesses risk for DE.AE-02",,,1.0,0,"2025-08-24 20:47:09","2025-08-24 20:47:09"
DE.AE-02_maturity,DE.AE-02,"What is the maturity level of your adverse event analysis and detection processes?",multiple_choice,"This question assesses maturity for DE.AE-02",,,1.0,0,"2025-08-24 20:47:09","2025-08-24 20:47:09"
DE.AE-02_implementation,DE.AE-02,"What is the implementation status of your adverse event analysis capabilities?",multiple_choice,"This question assesses implementation for DE.AE-02",,,1.0,0,"2025-08-24 20:47:09","2025-08-24 20:47:09"
DE.AE-02_effectiveness,DE.AE-02,"How effective is your adverse event analysis at identifying and escalating threats?",multiple_choice,"This question assesses effectiveness for DE.AE-02",,,1.0,0,"2025-08-24 20:47:09","2025-08-24 20:47:09"
DE.AE-03_risk,DE.AE-03,"How would you assess the risk from your current adverse event analysis and response processes?",multiple_choice,"This question assesses risk for DE.AE-03",,,1.0,0,"2025-08-24 20:47:09","2025-08-24 20:47:09"
DE.AE-03_maturity,DE.AE-03,"What is the maturity level of your adverse event analysis and detection processes?",multiple_choice,"This question assesses maturity for DE.AE-03",,,1.0,0,"2025-08-24 20:47:09","2025-08-24 20:47:09"
DE.AE-03_implementation,DE.AE-03,"What is the implementation status of your adverse event analysis capabilities?",multiple_choice,"This question assesses implementation for DE.AE-03",,,1.0,0,"2025-08-24 20:47:09","2025-08-24 20:47:09"
DE.AE-03_effectiveness,DE.AE-03,"How effective is your adverse event analysis at identifying and escalating threats?",multiple_choice,"This question assesses effectiveness for DE.AE-03",,,1.0,0,"2025-08-24 20:47:09","2025-08-24 20:47:09"
DE.AE-04_risk,DE.AE-04,"How would you assess the risk from your current adverse event analysis and response processes?",multiple_choice,"This question assesses risk for DE.AE-04",,,1.0,0,"2025-08-24 20:47:09","2025-08-24 20:47:09"
DE.AE-04_maturity,DE.AE-04,"What is the maturity level of your adverse event analysis and detection processes?",multiple_choice,"This question assesses maturity for DE.AE-04",,,1.0,0,"2025-08-24 20:47:09","2025-08-24 20:47:09"
DE.AE-04_implementation,DE.AE-04,"What is the implementation status of your adverse event analysis capabilities?",multiple_choice,"This question assesses implementation for DE.AE-04",,,1.0,0,"2025-08-24 20:47:09","2025-08-24 20:47:09"
DE.AE-04_effectiveness,DE.AE-04,"How effective is your adverse event analysis at identifying and escalating threats?",multiple_choice,"This question assesses effectiveness for DE.AE-04",,,1.0,0,"2025-08-24 20:47:09","2025-08-24 20:47:09"
DE.AE-06_risk,DE.AE-06,"How would you assess the risk from your current adverse event analysis and response processes?",multiple_choice,"This question assesses risk for DE.AE-06",,,1.0,0,"2025-08-24 20:47:09","2025-08-24 20:47:09"
DE.AE-06_maturity,DE.AE-06,"What is the maturity level of your adverse event analysis and detection processes?",multiple_choice,"This question assesses maturity for DE.AE-06",,,1.0,0,"2025-08-24 20:47:09","2025-08-24 20:47:09"
DE.AE-06_implementation,DE.AE-06,"What is the implementation status of your adverse event analysis capabilities?",multiple_choice,"This question assesses implementation for DE.AE-06",,,1.0,0,"2025-08-24 20:47:09","2025-08-24 20:47:09"
DE.AE-06_effectiveness,DE.AE-06,"How effective is your adverse event analysis at identifying and escalating threats?",multiple_choice,"This question assesses effectiveness for DE.AE-06",,,1.0,0,"2025-08-24 20:47:09","2025-08-24 20:47:09"
DE.AE-07_risk,DE.AE-07,"How would you assess the risk from your current adverse event analysis and response processes?",multiple_choice,"This question assesses risk for DE.AE-07",,,1.0,0,"2025-08-24 20:47:09","2025-08-24 20:47:09"
DE.AE-07_maturity,DE.AE-07,"What is the maturity level of your adverse event analysis and detection processes?",multiple_choice,"This question assesses maturity for DE.AE-07",,,1.0,0,"2025-08-24 20:47:09","2025-08-24 20:47:09"
DE.AE-07_implementation,DE.AE-07,"What is the implementation status of your adverse event analysis capabilities?",multiple_choice,"This question assesses implementation for DE.AE-07",,,1.0,0,"2025-08-24 20:47:09","2025-08-24 20:47:09"
DE.AE-07_effectiveness,DE.AE-07,"How effective is your adverse event analysis at identifying and escalating threats?",multiple_choice,"This question assesses effectiveness for DE.AE-07",,,1.0,0,"2025-08-24 20:47:09","2025-08-24 20:47:09"
DE.AE-08_risk,DE.AE-08,"How would you assess the risk from your current adverse event analysis and response processes?",multiple_choice,"This question assesses risk for DE.AE-08",,,1.0,0,"2025-08-24 20:47:09","2025-08-24 20:47:09"
DE.AE-08_maturity,DE.AE-08,"What is the maturity level of your adverse event analysis and detection processes?",multiple_choice,"This question assesses maturity for DE.AE-08",,,1.0,0,"2025-08-24 20:47:09","2025-08-24 20:47:09"
DE.AE-08_implementation,DE.AE-08,"What is the implementation status of your adverse event analysis capabilities?",multiple_choice,"This question assesses implementation for DE.AE-08",,,1.0,0,"2025-08-24 20:47:09","2025-08-24 20:47:09"
DE.AE-08_effectiveness,DE.AE-08,"How effective is your adverse event analysis at identifying and escalating threats?",multiple_choice,"This question assesses effectiveness for DE.AE-08",,,1.0,0,"2025-08-24 20:47:09","2025-08-24 20:47:09"
DE.CM-01_risk,DE.CM-01,"What is the risk level from gaps in your continuous monitoring and detection capabilities?",multiple_choice,"This question assesses risk for DE.CM-01",,,1.0,0,"2025-08-24 20:47:09","2025-08-24 20:47:09"
DE.CM-01_maturity,DE.CM-01,"How mature is your continuous monitoring and detection program?",multiple_choice,"This question assesses maturity for DE.CM-01",,,1.0,0,"2025-08-24 20:47:09","2025-08-24 20:47:09"
DE.CM-01_implementation,DE.CM-01,"How well implemented are your continuous monitoring and detection systems?",multiple_choice,"This question assesses implementation for DE.CM-01",,,1.0,0,"2025-08-24 20:47:09","2025-08-24 20:47:09"
DE.CM-01_effectiveness,DE.CM-01,"How effective are your monitoring systems at detecting cybersecurity events?",multiple_choice,"This question assesses effectiveness for DE.CM-01",,,1.0,0,"2025-08-24 20:47:09","2025-08-24 20:47:09"
DE.CM-02_risk,DE.CM-02,"What is the risk level from gaps in your continuous monitoring and detection capabilities?",multiple_choice,"This question assesses risk for DE.CM-02",,,1.0,0,"2025-08-24 20:47:09","2025-08-24 20:47:09"
DE.CM-02_maturity,DE.CM-02,"How mature is your continuous monitoring and detection program?",multiple_choice,"This question assesses maturity for DE.CM-02",,,1.0,0,"2025-08-24 20:47:09","2025-08-24 20:47:09"
DE.CM-02_implementation,DE.CM-02,"How well implemented are your continuous monitoring and detection systems?",multiple_choice,"This question assesses implementation for DE.CM-02",,,1.0,0,"2025-08-24 20:47:09","2025-08-24 20:47:09"
DE.CM-02_effectiveness,DE.CM-02,"How effective are your monitoring systems at detecting cybersecurity events?",multiple_choice,"This question assesses effectiveness for DE.CM-02",,,1.0,0,"2025-08-24 20:47:09","2025-08-24 20:47:09"
DE.CM-03_risk,DE.CM-03,"What is the risk level from gaps in your continuous monitoring and detection capabilities?",multiple_choice,"This question assesses risk for DE.CM-03",,,1.0,0,"2025-08-24 20:47:09","2025-08-24 20:47:09"
DE.CM-03_maturity,DE.CM-03,"How mature is your continuous monitoring and detection program?",multiple_choice,"This question assesses maturity for DE.CM-03",,,1.0,0,"2025-08-24 20:47:09","2025-08-24 20:47:09"
DE.CM-03_implementation,DE.CM-03,"How well implemented are your continuous monitoring and detection systems?",multiple_choice,"This question assesses implementation for DE.CM-03",,,1.0,0,"2025-08-24 20:47:09","2025-08-24 20:47:09"
DE.CM-03_effectiveness,DE.CM-03,"How effective are your monitoring systems at detecting cybersecurity events?",multiple_choice,"This question assesses effectiveness for DE.CM-03",,,1.0,0,"2025-08-24 20:47:09","2025-08-24 20:47:09"
DE.CM-06_risk,DE.CM-06,"What is the risk level from gaps in your continuous monitoring and detection capabilities?",multiple_choice,"This question assesses risk for DE.CM-06",,,1.0,0,"2025-08-24 20:47:09","2025-08-24 20:47:09"
DE.CM-06_maturity,DE.CM-06,"How mature is your continuous monitoring and detection program?",multiple_choice,"This question assesses maturity for DE.CM-06",,,1.0,0,"2025-08-24 20:47:09","2025-08-24 20:47:09"
DE.CM-06_implementation,DE.CM-06,"How well implemented are your continuous monitoring and detection systems?",multiple_choice,"This question assesses implementation for DE.CM-06",,,1.0,0,"2025-08-24 20:47:09","2025-08-24 20:47:09"
DE.CM-06_effectiveness,DE.CM-06,"How effective are your monitoring systems at detecting cybersecurity events?",multiple_choice,"This question assesses effectiveness for DE.CM-06",,,1.0,0,"2025-08-24 20:47:09","2025-08-24 20:47:09"
DE.CM-09_risk,DE.CM-09,"What is the risk level from gaps in your continuous monitoring and detection capabilities?",multiple_choice,"This question assesses risk for DE.CM-09",,,1.0,0,"2025-08-24 20:47:09","2025-08-24 20:47:09"
DE.CM-09_maturity,DE.CM-09,"How mature is your continuous monitoring and detection program?",multiple_choice,"This question assesses maturity for DE.CM-09",,,1.0,0,"2025-08-24 20:47:09","2025-08-24 20:47:09"
DE.CM-09_implementation,DE.CM-09,"How well implemented are your continuous monitoring and detection systems?",multiple_choice,"This question assesses implementation for DE.CM-09",,,1.0,0,"2025-08-24 20:47:09","2025-08-24 20:47:09"
DE.CM-09_effectiveness,DE.CM-09,"How effective are your monitoring systems at detecting cybersecurity events?",multiple_choice,"This question assesses effectiveness for DE.CM-09",,,1.0,0,"2025-08-24 20:47:09","2025-08-24 20:47:09"
GV.OC-01_risk,GV.OC-01,"What is the risk level associated with your organization's cybersecurity context and stakeholder management?",multiple_choice,"This question assesses risk for GV.OC-01",,,1.0,0,"2025-08-24 20:47:09","2025-08-24 20:47:09"
GV.OC-01_maturity,GV.OC-01,"What is the maturity level of your organizational cybersecurity context management?",multiple_choice,"This question assesses maturity for GV.OC-01",,,1.0,0,"2025-08-24 20:47:09","2025-08-24 20:47:09"
GV.OC-01_implementation,GV.OC-01,"How well implemented is your organizational cybersecurity context identification and management?",multiple_choice,"This question assesses implementation for GV.OC-01",,,1.0,0,"2025-08-24 20:47:09","2025-08-24 20:47:09"
GV.OC-01_effectiveness,GV.OC-01,"How effective is your organization at maintaining accurate cybersecurity context and stakeholder engagement?",multiple_choice,"This question assesses effectiveness for GV.OC-01",,,1.0,0,"2025-08-24 20:47:09","2025-08-24 20:47:09"
GV.OC-02_risk,GV.OC-02,"What is the risk level associated with your organization's cybersecurity context and stakeholder management?",multiple_choice,"This question assesses risk for GV.OC-02",,,1.0,0,"2025-08-24 20:47:09","2025-08-24 20:47:09"
GV.OC-02_maturity,GV.OC-02,"What is the maturity level of your organizational cybersecurity context management?",multiple_choice,"This question assesses maturity for GV.OC-02",,,1.0,0,"2025-08-24 20:47:09","2025-08-24 20:47:09"
GV.OC-02_implementation,GV.OC-02,"How well implemented is your organizational cybersecurity context identification and management?",multiple_choice,"This question assesses implementation for GV.OC-02",,,1.0,0,"2025-08-24 20:47:09","2025-08-24 20:47:09"
GV.OC-02_effectiveness,GV.OC-02,"How effective is your organization at maintaining accurate cybersecurity context and stakeholder engagement?",multiple_choice,"This question assesses effectiveness for GV.OC-02",,,1.0,0,"2025-08-24 20:47:09","2025-08-24 20:47:09"
GV.OC-03_risk,GV.OC-03,"What is the risk level associated with your organization's cybersecurity context and stakeholder management?",multiple_choice,"This question assesses risk for GV.OC-03",,,1.0,0,"2025-08-24 20:47:09","2025-08-24 20:47:09"
GV.OC-03_maturity,GV.OC-03,"What is the maturity level of your organizational cybersecurity context management?",multiple_choice,"This question assesses maturity for GV.OC-03",,,1.0,0,"2025-08-24 20:47:09","2025-08-24 20:47:09"
GV.OC-03_implementation,GV.OC-03,"How well implemented is your organizational cybersecurity context identification and management?",multiple_choice,"This question assesses implementation for GV.OC-03",,,1.0,0,"2025-08-24 20:47:09","2025-08-24 20:47:09"
GV.OC-03_effectiveness,GV.OC-03,"How effective is your organization at maintaining accurate cybersecurity context and stakeholder engagement?",multiple_choice,"This question assesses effectiveness for GV.OC-03",,,1.0,0,"2025-08-24 20:47:09","2025-08-24 20:47:09"
GV.OC-04_risk,GV.OC-04,"What is the risk level associated with your organization's cybersecurity context and stakeholder management?",multiple_choice,"This question assesses risk for GV.OC-04",,,1.0,0,"2025-08-24 20:47:09","2025-08-24 20:47:09"
GV.OC-04_maturity,GV.OC-04,"What is the maturity level of your organizational cybersecurity context management?",multiple_choice,"This question assesses maturity for GV.OC-04",,,1.0,0,"2025-08-24 20:47:09","2025-08-24 20:47:09"
GV.OC-04_implementation,GV.OC-04,"How well implemented is your organizational cybersecurity context identification and management?",multiple_choice,"This question assesses implementation for GV.OC-04",,,1.0,0,"2025-08-24 20:47:09","2025-08-24 20:47:09"
GV.OC-04_effectiveness,GV.OC-04,"How effective is your organization at maintaining accurate cybersecurity context and stakeholder engagement?",multiple_choice,"This question assesses effectiveness for GV.OC-04",,,1.0,0,"2025-08-24 20:47:09","2025-08-24 20:47:09"
GV.OC-05_risk,GV.OC-05,"What is the risk level associated with your organization's cybersecurity context and stakeholder management?",multiple_choice,"This question assesses risk for GV.OC-05",,,1.0,0,"2025-08-24 20:47:09","2025-08-24 20:47:09"
GV.OC-05_maturity,GV.OC-05,"What is the maturity level of your organizational cybersecurity context management?",multiple_choice,"This question assesses maturity for GV.OC-05",,,1.0,0,"2025-08-24 20:47:09","2025-08-24 20:47:09"
GV.OC-05_implementation,GV.OC-05,"How well implemented is your organizational cybersecurity context identification and management?",multiple_choice,"This question assesses implementation for GV.OC-05",,,1.0,0,"2025-08-24 20:47:09","2025-08-24 20:47:09"
GV.OC-05_effectiveness,GV.OC-05,"How effective is your organization at maintaining accurate cybersecurity context and stakeholder engagement?",multiple_choice,"This question assesses effectiveness for GV.OC-05",,,1.0,0,"2025-08-24 20:47:09","2025-08-24 20:47:09"
GV.OV-01_risk,GV.OV-01,"What is the risk level related to cybersecurity strategy oversight and performance management?",multiple_choice,"This question assesses risk for GV.OV-01",,,1.0,0,"2025-08-24 20:47:09","2025-08-24 20:47:09"
GV.OV-01_maturity,GV.OV-01,"What is the maturity level of your cybersecurity oversight and governance processes?",multiple_choice,"This question assesses maturity for GV.OV-01",,,1.0,0,"2025-08-24 20:47:09","2025-08-24 20:47:09"
GV.OV-01_implementation,GV.OV-01,"How well implemented are your cybersecurity oversight and performance management processes?",multiple_choice,"This question assesses implementation for GV.OV-01",,,1.0,0,"2025-08-24 20:47:09","2025-08-24 20:47:09"
GV.OV-01_effectiveness,GV.OV-01,"How effective is your cybersecurity oversight in improving security posture?",multiple_choice,"This question assesses effectiveness for GV.OV-01",,,1.0,0,"2025-08-24 20:47:09","2025-08-24 20:47:09"
GV.OV-02_risk,GV.OV-02,"What is the risk level related to cybersecurity strategy oversight and performance management?",multiple_choice,"This question assesses risk for GV.OV-02",,,1.0,0,"2025-08-24 20:47:09","2025-08-24 20:47:09"
GV.OV-02_maturity,GV.OV-02,"What is the maturity level of your cybersecurity oversight and governance processes?",multiple_choice,"This question assesses maturity for GV.OV-02",,,1.0,0,"2025-08-24 20:47:09","2025-08-24 20:47:09"
GV.OV-02_implementation,GV.OV-02,"How well implemented are your cybersecurity oversight and performance management processes?",multiple_choice,"This question assesses implementation for GV.OV-02",,,1.0,0,"2025-08-24 20:47:09","2025-08-24 20:47:09"
GV.OV-02_effectiveness,GV.OV-02,"How effective is your cybersecurity oversight in improving security posture?",multiple_choice,"This question assesses effectiveness for GV.OV-02",,,1.0,0,"2025-08-24 20:47:09","2025-08-24 20:47:09"
GV.OV-03_risk,GV.OV-03,"What is the risk level related to cybersecurity strategy oversight and performance management?",multiple_choice,"This question assesses risk for GV.OV-03",,,1.0,0,"2025-08-24 20:47:09","2025-08-24 20:47:09"
GV.OV-03_maturity,GV.OV-03,"What is the maturity level of your cybersecurity oversight and governance processes?",multiple_choice,"This question assesses maturity for GV.OV-03",,,1.0,0,"2025-08-24 20:47:09","2025-08-24 20:47:09"
GV.OV-03_implementation,GV.OV-03,"How well implemented are your cybersecurity oversight and performance management processes?",multiple_choice,"This question assesses implementation for GV.OV-03",,,1.0,0,"2025-08-24 20:47:09","2025-08-24 20:47:09"
GV.OV-03_effectiveness,GV.OV-03,"How effective is your cybersecurity oversight in improving security posture?",multiple_choice,"This question assesses effectiveness for GV.OV-03",,,1.0,0,"2025-08-24 20:47:09","2025-08-24 20:47:09"
GV.PO-01_risk,GV.PO-01,"How would you rate the risk associated with your cybersecurity policy framework?",multiple_choice,"This question assesses risk for GV.PO-01",,,1.0,0,"2025-08-24 20:47:09","2025-08-24 20:47:09"
GV.PO-01_maturity,GV.PO-01,"How mature is your cybersecurity policy development and management process?",multiple_choice,"This question assesses maturity for GV.PO-01",,,1.0,0,"2025-08-24 20:47:09","2025-08-24 20:47:09"
GV.PO-01_implementation,GV.PO-01,"What is the implementation status of your cybersecurity policies?",multiple_choice,"This question assesses implementation for GV.PO-01",,,1.0,0,"2025-08-24 20:47:09","2025-08-24 20:47:09"
GV.PO-01_effectiveness,GV.PO-01,"How effective are your cybersecurity policies at guiding organizational behavior?",multiple_choice,"This question assesses effectiveness for GV.PO-01",,,1.0,0,"2025-08-24 20:47:09","2025-08-24 20:47:09"
GV.PO-02_risk,GV.PO-02,"How would you rate the risk associated with your cybersecurity policy framework?",multiple_choice,"This question assesses risk for GV.PO-02",,,1.0,0,"2025-08-24 20:47:09","2025-08-24 20:47:09"
GV.PO-02_maturity,GV.PO-02,"How mature is your cybersecurity policy development and management process?",multiple_choice,"This question assesses maturity for GV.PO-02",,,1.0,0,"2025-08-24 20:47:09","2025-08-24 20:47:09"
GV.PO-02_implementation,GV.PO-02,"What is the implementation status of your cybersecurity policies?",multiple_choice,"This question assesses implementation for GV.PO-02",,,1.0,0,"2025-08-24 20:47:09","2025-08-24 20:47:09"
GV.PO-02_effectiveness,GV.PO-02,"How effective are your cybersecurity policies at guiding organizational behavior?",multiple_choice,"This question assesses effectiveness for GV.PO-02",,,1.0,0,"2025-08-24 20:47:09","2025-08-24 20:47:09"
GV.RM-01_risk,GV.RM-01,"How would you assess the risk exposure from your current cybersecurity risk management approach?",multiple_choice,"This question assesses risk for GV.RM-01",,,1.0,0,"2025-08-24 20:47:09","2025-08-24 20:47:09"
GV.RM-01_maturity,GV.RM-01,"How mature is your cybersecurity risk management program?",multiple_choice,"This question assesses maturity for GV.RM-01",,,1.0,0,"2025-08-24 20:47:09","2025-08-24 20:47:09"
GV.RM-01_implementation,GV.RM-01,"What is the implementation status of your cybersecurity risk management strategy?",multiple_choice,"This question assesses implementation for GV.RM-01",,,1.0,0,"2025-08-24 20:47:09","2025-08-24 20:47:09"
GV.RM-01_effectiveness,GV.RM-01,"How effective is your cybersecurity risk management program at reducing actual risk?",multiple_choice,"This question assesses effectiveness for GV.RM-01",,,1.0,0,"2025-08-24 20:47:09","2025-08-24 20:47:09"
GV.RM-02_risk,GV.RM-02,"How would you assess the risk exposure from your current cybersecurity risk management approach?",multiple_choice,"This question assesses risk for GV.RM-02",,,1.0,0,"2025-08-24 20:47:09","2025-08-24 20:47:09"
GV.RM-02_maturity,GV.RM-02,"How mature is your cybersecurity risk management program?",multiple_choice,"This question assesses maturity for GV.RM-02",,,1.0,0,"2025-08-24 20:47:09","2025-08-24 20:47:09"
GV.RM-02_implementation,GV.RM-02,"What is the implementation status of your cybersecurity risk management strategy?",multiple_choice,"This question assesses implementation for GV.RM-02",,,1.0,0,"2025-08-24 20:47:09","2025-08-24 20:47:09"
GV.RM-02_effectiveness,GV.RM-02,"How effective is your cybersecurity risk management program at reducing actual risk?",multiple_choice,"This question assesses effectiveness for GV.RM-02",,,1.0,0,"2025-08-24 20:47:09","2025-08-24 20:47:09"
GV.RM-03_risk,GV.RM-03,"How would you assess the risk exposure from your current cybersecurity risk management approach?",multiple_choice,"This question assesses risk for GV.RM-03",,,1.0,0,"2025-08-24 20:47:09","2025-08-24 20:47:09"
GV.RM-03_maturity,GV.RM-03,"How mature is your cybersecurity risk management program?",multiple_choice,"This question assesses maturity for GV.RM-03",,,1.0,0,"2025-08-24 20:47:09","2025-08-24 20:47:09"
GV.RM-03_implementation,GV.RM-03,"What is the implementation status of your cybersecurity risk management strategy?",multiple_choice,"This question assesses implementation for GV.RM-03",,,1.0,0,"2025-08-24 20:47:09","2025-08-24 20:47:09"
GV.RM-03_effectiveness,GV.RM-03,"How effective is your cybersecurity risk management program at reducing actual risk?",multiple_choice,"This question assesses effectiveness for GV.RM-03",,,1.0,0,"2025-08-24 20:47:09","2025-08-24 20:47:09"
GV.RM-04_risk,GV.RM-04,"How would you assess the risk exposure from your current cybersecurity risk management approach?",multiple_choice,"This question assesses risk for GV.RM-04",,,1.0,0,"2025-08-24 20:47:09","2025-08-24 20:47:09"
GV.RM-04_maturity,GV.RM-04,"How mature is your cybersecurity risk management program?",multiple_choice,"This question assesses maturity for GV.RM-04",,,1.0,0,"2025-08-24 20:47:09","2025-08-24 20:47:09"
GV.RM-04_implementation,GV.RM-04,"What is the implementation status of your cybersecurity risk management strategy?",multiple_choice,"This question assesses implementation for GV.RM-04",,,1.0,0,"2025-08-24 20:47:09","2025-08-24 20:47:09"
GV.RM-04_effectiveness,GV.RM-04,"How effective is your cybersecurity risk management program at reducing actual risk?",multiple_choice,"This question assesses effectiveness for GV.RM-04",,,1.0,0,"2025-08-24 20:47:09","2025-08-24 20:47:09"
GV.RM-05_risk,GV.RM-05,"How would you assess the risk exposure from your current cybersecurity risk management approach?",multiple_choice,"This question assesses risk for GV.RM-05",,,1.0,0,"2025-08-24 20:47:09","2025-08-24 20:47:09"
GV.RM-05_maturity,GV.RM-05,"How mature is your cybersecurity risk management program?",multiple_choice,"This question assesses maturity for GV.RM-05",,,1.0,0,"2025-08-24 20:47:09","2025-08-24 20:47:09"
GV.RM-05_implementation,GV.RM-05,"What is the implementation status of your cybersecurity risk management strategy?",multiple_choice,"This question assesses implementation for GV.RM-05",,,1.0,0,"2025-08-24 20:47:09","2025-08-24 20:47:09"
GV.RM-05_effectiveness,GV.RM-05,"How effective is your cybersecurity risk management program at reducing actual risk?",multiple_choice,"This question assesses effectiveness for GV.RM-05",,,1.0,0,"2025-08-24 20:47:09","2025-08-24 20:47:09"
GV.RM-06_risk,GV.RM-06,"How would you assess the risk exposure from your current cybersecurity risk management approach?",multiple_choice,"This question assesses risk for GV.RM-06",,,1.0,0,"2025-08-24 20:47:09","2025-08-24 20:47:09"
GV.RM-06_maturity,GV.RM-06,"How mature is your cybersecurity risk management program?",multiple_choice,"This question assesses maturity for GV.RM-06",,,1.0,0,"2025-08-24 20:47:09","2025-08-24 20:47:09"
GV.RM-06_implementation,GV.RM-06,"What is the implementation status of your cybersecurity risk management strategy?",multiple_choice,"This question assesses implementation for GV.RM-06",,,1.0,0,"2025-08-24 20:47:09","2025-08-24 20:47:09"
GV.RM-06_effectiveness,GV.RM-06,"How effective is your cybersecurity risk management program at reducing actual risk?",multiple_choice,"This question assesses effectiveness for GV.RM-06",,,1.0,0,"2025-08-24 20:47:09","2025-08-24 20:47:09"
GV.RM-07_risk,GV.RM-07,"How would you assess the risk exposure from your current cybersecurity risk management approach?",multiple_choice,"This question assesses risk for GV.RM-07",,,1.0,0,"2025-08-24 20:47:09","2025-08-24 20:47:09"
GV.RM-07_maturity,GV.RM-07,"How mature is your cybersecurity risk management program?",multiple_choice,"This question assesses maturity for GV.RM-07",,,1.0,0,"2025-08-24 20:47:09","2025-08-24 20:47:09"
GV.RM-07_implementation,GV.RM-07,"What is the implementation status of your cybersecurity risk management strategy?",multiple_choice,"This question assesses implementation for GV.RM-07",,,1.0,0,"2025-08-24 20:47:09","2025-08-24 20:47:09"
GV.RM-07_effectiveness,GV.RM-07,"How effective is your cybersecurity risk management program at reducing actual risk?",multiple_choice,"This question assesses effectiveness for GV.RM-07",,,1.0,0,"2025-08-24 20:47:09","2025-08-24 20:47:09"
GV.RR-01_risk,GV.RR-01,"What risk level exists regarding cybersecurity roles, responsibilities, and resource allocation?",multiple_choice,"This question assesses risk for GV.RR-01",,,1.0,0,"2025-08-24 20:47:09","2025-08-24 20:47:09"
GV.RR-01_maturity,GV.RR-01,"What is the maturity of your cybersecurity roles and responsibilities framework?",multiple_choice,"This question assesses maturity for GV.RR-01",,,1.0,0,"2025-08-24 20:47:09","2025-08-24 20:47:09"
GV.RR-01_implementation,GV.RR-01,"How completely are cybersecurity roles and responsibilities implemented across your organization?",multiple_choice,"This question assesses implementation for GV.RR-01",,,1.0,0,"2025-08-24 20:47:09","2025-08-24 20:47:09"
GV.RR-01_effectiveness,GV.RR-01,"How effective are your cybersecurity roles and responsibilities in achieving security objectives?",multiple_choice,"This question assesses effectiveness for GV.RR-01",,,1.0,0,"2025-08-24 20:47:09","2025-08-24 20:47:09"
GV.RR-02_risk,GV.RR-02,"What risk level exists regarding cybersecurity roles, responsibilities, and resource allocation?",multiple_choice,"This question assesses risk for GV.RR-02",,,1.0,0,"2025-08-24 20:47:09","2025-08-24 20:47:09"
GV.RR-02_maturity,GV.RR-02,"What is the maturity of your cybersecurity roles and responsibilities framework?",multiple_choice,"This question assesses maturity for GV.RR-02",,,1.0,0,"2025-08-24 20:47:09","2025-08-24 20:47:09"
GV.RR-02_implementation,GV.RR-02,"How completely are cybersecurity roles and responsibilities implemented across your organization?",multiple_choice,"This question assesses implementation for GV.RR-02",,,1.0,0,"2025-08-24 20:47:09","2025-08-24 20:47:09"
GV.RR-02_effectiveness,GV.RR-02,"How effective are your cybersecurity roles and responsibilities in achieving security objectives?",multiple_choice,"This question assesses effectiveness for GV.RR-02",,,1.0,0,"2025-08-24 20:47:09","2025-08-24 20:47:09"
GV.RR-03_risk,GV.RR-03,"What risk level exists regarding cybersecurity roles, responsibilities, and resource allocation?",multiple_choice,"This question assesses risk for GV.RR-03",,,1.0,0,"2025-08-24 20:47:09","2025-08-24 20:47:09"
GV.RR-03_maturity,GV.RR-03,"What is the maturity of your cybersecurity roles and responsibilities framework?",multiple_choice,"This question assesses maturity for GV.RR-03",,,1.0,0,"2025-08-24 20:47:09","2025-08-24 20:47:09"
GV.RR-03_implementation,GV.RR-03,"How completely are cybersecurity roles and responsibilities implemented across your organization?",multiple_choice,"This question assesses implementation for GV.RR-03",,,1.0,0,"2025-08-24 20:47:09","2025-08-24 20:47:09"
GV.RR-03_effectiveness,GV.RR-03,"How effective are your cybersecurity roles and responsibilities in achieving security objectives?",multiple_choice,"This question assesses effectiveness for GV.RR-03",,,1.0,0,"2025-08-24 20:47:09","2025-08-24 20:47:09"
GV.RR-04_risk,GV.RR-04,"What risk level exists regarding cybersecurity roles, responsibilities, and resource allocation?",multiple_choice,"This question assesses risk for GV.RR-04",,,1.0,0,"2025-08-24 20:47:09","2025-08-24 20:47:09"
GV.RR-04_maturity,GV.RR-04,"What is the maturity of your cybersecurity roles and responsibilities framework?",multiple_choice,"This question assesses maturity for GV.RR-04",,,1.0,0,"2025-08-24 20:47:09","2025-08-24 20:47:09"
GV.RR-04_implementation,GV.RR-04,"How completely are cybersecurity roles and responsibilities implemented across your organization?",multiple_choice,"This question assesses implementation for GV.RR-04",,,1.0,0,"2025-08-24 20:47:09","2025-08-24 20:47:09"
GV.RR-04_effectiveness,GV.RR-04,"How effective are your cybersecurity roles and responsibilities in achieving security objectives?",multiple_choice,"This question assesses effectiveness for GV.RR-04",,,1.0,0,"2025-08-24 20:47:09","2025-08-24 20:47:09"
GV.SC-01_risk,GV.SC-01,"How would you assess the cybersecurity risk from your supply chain and third-party relationships?",multiple_choice,"This question assesses risk for GV.SC-01",,,1.0,0,"2025-08-24 20:47:09","2025-08-24 20:47:09"
GV.SC-01_maturity,GV.SC-01,"How mature is your cybersecurity supply chain risk management program?",multiple_choice,"This question assesses maturity for GV.SC-01",,,1.0,0,"2025-08-24 20:47:09","2025-08-24 20:47:09"
GV.SC-01_implementation,GV.SC-01,"What is the implementation status of cybersecurity requirements in your supply chain management?",multiple_choice,"This question assesses implementation for GV.SC-01",,,1.0,0,"2025-08-24 20:47:09","2025-08-24 20:47:09"
GV.SC-01_effectiveness,GV.SC-01,"How effective are your cybersecurity supply chain risk management efforts?",multiple_choice,"This question assesses effectiveness for GV.SC-01",,,1.0,0,"2025-08-24 20:47:09","2025-08-24 20:47:09"
GV.SC-02_risk,GV.SC-02,"How would you assess the cybersecurity risk from your supply chain and third-party relationships?",multiple_choice,"This question assesses risk for GV.SC-02",,,1.0,0,"2025-08-24 20:47:09","2025-08-24 20:47:09"
GV.SC-02_maturity,GV.SC-02,"How mature is your cybersecurity supply chain risk management program?",multiple_choice,"This question assesses maturity for GV.SC-02",,,1.0,0,"2025-08-24 20:47:09","2025-08-24 20:47:09"
GV.SC-02_implementation,GV.SC-02,"What is the implementation status of cybersecurity requirements in your supply chain management?",multiple_choice,"This question assesses implementation for GV.SC-02",,,1.0,0,"2025-08-24 20:47:09","2025-08-24 20:47:09"
GV.SC-02_effectiveness,GV.SC-02,"How effective are your cybersecurity supply chain risk management efforts?",multiple_choice,"This question assesses effectiveness for GV.SC-02",,,1.0,0,"2025-08-24 20:47:09","2025-08-24 20:47:09"
GV.SC-03_risk,GV.SC-03,"How would you assess the cybersecurity risk from your supply chain and third-party relationships?",multiple_choice,"This question assesses risk for GV.SC-03",,,1.0,0,"2025-08-24 20:47:09","2025-08-24 20:47:09"
GV.SC-03_maturity,GV.SC-03,"How mature is your cybersecurity supply chain risk management program?",multiple_choice,"This question assesses maturity for GV.SC-03",,,1.0,0,"2025-08-24 20:47:09","2025-08-24 20:47:09"
GV.SC-03_implementation,GV.SC-03,"What is the implementation status of cybersecurity requirements in your supply chain management?",multiple_choice,"This question assesses implementation for GV.SC-03",,,1.0,0,"2025-08-24 20:47:09","2025-08-24 20:47:09"
GV.SC-03_effectiveness,GV.SC-03,"How effective are your cybersecurity supply chain risk management efforts?",multiple_choice,"This question assesses effectiveness for GV.SC-03",,,1.0,0,"2025-08-24 20:47:09","2025-08-24 20:47:09"
GV.SC-04_risk,GV.SC-04,"How would you assess the cybersecurity risk from your supply chain and third-party relationships?",multiple_choice,"This question assesses risk for GV.SC-04",,,1.0,0,"2025-08-24 20:47:09","2025-08-24 20:47:09"
GV.SC-04_maturity,GV.SC-04,"How mature is your cybersecurity supply chain risk management program?",multiple_choice,"This question assesses maturity for GV.SC-04",,,1.0,0,"2025-08-24 20:47:09","2025-08-24 20:47:09"
GV.SC-04_implementation,GV.SC-04,"What is the implementation status of cybersecurity requirements in your supply chain management?",multiple_choice,"This question assesses implementation for GV.SC-04",,,1.0,0,"2025-08-24 20:47:09","2025-08-24 20:47:09"
GV.SC-04_effectiveness,GV.SC-04,"How effective are your cybersecurity supply chain risk management efforts?",multiple_choice,"This question assesses effectiveness for GV.SC-04",,,1.0,0,"2025-08-24 20:47:09","2025-08-24 20:47:09"
GV.SC-05_risk,GV.SC-05,"How would you assess the cybersecurity risk from your supply chain and third-party relationships?",multiple_choice,"This question assesses risk for GV.SC-05",,,1.0,0,"2025-08-24 20:47:09","2025-08-24 20:47:09"
GV.SC-05_maturity,GV.SC-05,"How mature is your cybersecurity supply chain risk management program?",multiple_choice,"This question assesses maturity for GV.SC-05",,,1.0,0,"2025-08-24 20:47:09","2025-08-24 20:47:09"
GV.SC-05_implementation,GV.SC-05,"What is the implementation status of cybersecurity requirements in your supply chain management?",multiple_choice,"This question assesses implementation for GV.SC-05",,,1.0,0,"2025-08-24 20:47:09","2025-08-24 20:47:09"
GV.SC-05_effectiveness,GV.SC-05,"How effective are your cybersecurity supply chain risk management efforts?",multiple_choice,"This question assesses effectiveness for GV.SC-05",,,1.0,0,"2025-08-24 20:47:09","2025-08-24 20:47:09"
GV.SC-06_risk,GV.SC-06,"How would you assess the cybersecurity risk from your supply chain and third-party relationships?",multiple_choice,"This question assesses risk for GV.SC-06",,,1.0,0,"2025-08-24 20:47:09","2025-08-24 20:47:09"
GV.SC-06_maturity,GV.SC-06,"How mature is your cybersecurity supply chain risk management program?",multiple_choice,"This question assesses maturity for GV.SC-06",,,1.0,0,"2025-08-24 20:47:09","2025-08-24 20:47:09"
GV.SC-06_implementation,GV.SC-06,"What is the implementation status of cybersecurity requirements in your supply chain management?",multiple_choice,"This question assesses implementation for GV.SC-06",,,1.0,0,"2025-08-24 20:47:09","2025-08-24 20:47:09"
GV.SC-06_effectiveness,GV.SC-06,"How effective are your cybersecurity supply chain risk management efforts?",multiple_choice,"This question assesses effectiveness for GV.SC-06",,,1.0,0,"2025-08-24 20:47:09","2025-08-24 20:47:09"
GV.SC-07_risk,GV.SC-07,"How would you assess the cybersecurity risk from your supply chain and third-party relationships?",multiple_choice,"This question assesses risk for GV.SC-07",,,1.0,0,"2025-08-24 20:47:09","2025-08-24 20:47:09"
GV.SC-07_maturity,GV.SC-07,"How mature is your cybersecurity supply chain risk management program?",multiple_choice,"This question assesses maturity for GV.SC-07",,,1.0,0,"2025-08-24 20:47:09","2025-08-24 20:47:09"
GV.SC-07_implementation,GV.SC-07,"What is the implementation status of cybersecurity requirements in your supply chain management?",multiple_choice,"This question assesses implementation for GV.SC-07",,,1.0,0,"2025-08-24 20:47:09","2025-08-24 20:47:09"
GV.SC-07_effectiveness,GV.SC-07,"How effective are your cybersecurity supply chain risk management efforts?",multiple_choice,"This question assesses effectiveness for GV.SC-07",,,1.0,0,"2025-08-24 20:47:09","2025-08-24 20:47:09"
GV.SC-08_risk,GV.SC-08,"How would you assess the cybersecurity risk from your supply chain and third-party relationships?",multiple_choice,"This question assesses risk for GV.SC-08",,,1.0,0,"2025-08-24 20:47:09","2025-08-24 20:47:09"
GV.SC-08_maturity,GV.SC-08,"How mature is your cybersecurity supply chain risk management program?",multiple_choice,"This question assesses maturity for GV.SC-08",,,1.0,0,"2025-08-24 20:47:09","2025-08-24 20:47:09"
GV.SC-08_implementation,GV.SC-08,"What is the implementation status of cybersecurity requirements in your supply chain management?",multiple_choice,"This question assesses implementation for GV.SC-08",,,1.0,0,"2025-08-24 20:47:09","2025-08-24 20:47:09"
GV.SC-08_effectiveness,GV.SC-08,"How effective are your cybersecurity supply chain risk management efforts?",multiple_choice,"This question assesses effectiveness for GV.SC-08",,,1.0,0,"2025-08-24 20:47:09","2025-08-24 20:47:09"
GV.SC-09_risk,GV.SC-09,"How would you assess the cybersecurity risk from your supply chain and third-party relationships?",multiple_choice,"This question assesses risk for GV.SC-09",,,1.0,0,"2025-08-24 20:47:09","2025-08-24 20:47:09"
GV.SC-09_maturity,GV.SC-09,"How mature is your cybersecurity supply chain risk management program?",multiple_choice,"This question assesses maturity for GV.SC-09",,,1.0,0,"2025-08-24 20:47:09","2025-08-24 20:47:09"
GV.SC-09_implementation,GV.SC-09,"What is the implementation status of cybersecurity requirements in your supply chain management?",multiple_choice,"This question assesses implementation for GV.SC-09",,,1.0,0,"2025-08-24 20:47:09","2025-08-24 20:47:09"
GV.SC-09_effectiveness,GV.SC-09,"How effective are your cybersecurity supply chain risk management efforts?",multiple_choice,"This question assesses effectiveness for GV.SC-09",,,1.0,0,"2025-08-24 20:47:09","2025-08-24 20:47:09"
GV.SC-10_risk,GV.SC-10,"How would you assess the cybersecurity risk from your supply chain and third-party relationships?",multiple_choice,"This question assesses risk for GV.SC-10",,,1.0,0,"2025-08-24 20:47:09","2025-08-24 20:47:09"
GV.SC-10_maturity,GV.SC-10,"How mature is your cybersecurity supply chain risk management program?",multiple_choice,"This question assesses maturity for GV.SC-10",,,1.0,0,"2025-08-24 20:47:09","2025-08-24 20:47:09"
GV.SC-10_implementation,GV.SC-10,"What is the implementation status of cybersecurity requirements in your supply chain management?",multiple_choice,"This question assesses implementation for GV.SC-10",,,1.0,0,"2025-08-24 20:47:09","2025-08-24 20:47:09"
GV.SC-10_effectiveness,GV.SC-10,"How effective are your cybersecurity supply chain risk management efforts?",multiple_choice,"This question assesses effectiveness for GV.SC-10",,,1.0,0,"2025-08-24 20:47:09","2025-08-24 20:47:09"
ID.AM-01_risk,ID.AM-01,"What is the risk level associated with your current asset management and inventory practices?",multiple_choice,"This question assesses risk for ID.AM-01",,,1.0,0,"2025-08-24 20:47:09","2025-08-24 20:47:09"
ID.AM-01_maturity,ID.AM-01,"How mature is your asset management and inventory program?",multiple_choice,"This question assesses maturity for ID.AM-01",,,1.0,0,"2025-08-24 20:47:09","2025-08-24 20:47:09"
ID.AM-01_implementation,ID.AM-01,"How well implemented are your asset identification and management processes?",multiple_choice,"This question assesses implementation for ID.AM-01",,,1.0,0,"2025-08-24 20:47:09","2025-08-24 20:47:09"
ID.AM-01_effectiveness,ID.AM-01,"How effective is your asset management program at maintaining accurate inventories and classifications?",multiple_choice,"This question assesses effectiveness for ID.AM-01",,,1.0,0,"2025-08-24 20:47:09","2025-08-24 20:47:09"
ID.AM-02_risk,ID.AM-02,"What is the risk level associated with your current asset management and inventory practices?",multiple_choice,"This question assesses risk for ID.AM-02",,,1.0,0,"2025-08-24 20:47:09","2025-08-24 20:47:09"
ID.AM-02_maturity,ID.AM-02,"How mature is your asset management and inventory program?",multiple_choice,"This question assesses maturity for ID.AM-02",,,1.0,0,"2025-08-24 20:47:09","2025-08-24 20:47:09"
ID.AM-02_implementation,ID.AM-02,"How well implemented are your asset identification and management processes?",multiple_choice,"This question assesses implementation for ID.AM-02",,,1.0,0,"2025-08-24 20:47:09","2025-08-24 20:47:09"
ID.AM-02_effectiveness,ID.AM-02,"How effective is your asset management program at maintaining accurate inventories and classifications?",multiple_choice,"This question assesses effectiveness for ID.AM-02",,,1.0,0,"2025-08-24 20:47:09","2025-08-24 20:47:09"
ID.AM-03_risk,ID.AM-03,"What is the risk level associated with your current asset management and inventory practices?",multiple_choice,"This question assesses risk for ID.AM-03",,,1.0,0,"2025-08-24 20:47:09","2025-08-24 20:47:09"
ID.AM-03_maturity,ID.AM-03,"How mature is your asset management and inventory program?",multiple_choice,"This question assesses maturity for ID.AM-03",,,1.0,0,"2025-08-24 20:47:09","2025-08-24 20:47:09"
ID.AM-03_implementation,ID.AM-03,"How well implemented are your asset identification and management processes?",multiple_choice,"This question assesses implementation for ID.AM-03",,,1.0,0,"2025-08-24 20:47:09","2025-08-24 20:47:09"
ID.AM-03_effectiveness,ID.AM-03,"How effective is your asset management program at maintaining accurate inventories and classifications?",multiple_choice,"This question assesses effectiveness for ID.AM-03",,,1.0,0,"2025-08-24 20:47:09","2025-08-24 20:47:09"
ID.AM-04_risk,ID.AM-04,"What is the risk level associated with your current asset management and inventory practices?",multiple_choice,"This question assesses risk for ID.AM-04",,,1.0,0,"2025-08-24 20:47:09","2025-08-24 20:47:09"
ID.AM-04_maturity,ID.AM-04,"How mature is your asset management and inventory program?",multiple_choice,"This question assesses maturity for ID.AM-04",,,1.0,0,"2025-08-24 20:47:09","2025-08-24 20:47:09"
ID.AM-04_implementation,ID.AM-04,"How well implemented are your asset identification and management processes?",multiple_choice,"This question assesses implementation for ID.AM-04",,,1.0,0,"2025-08-24 20:47:09","2025-08-24 20:47:09"
ID.AM-04_effectiveness,ID.AM-04,"How effective is your asset management program at maintaining accurate inventories and classifications?",multiple_choice,"This question assesses effectiveness for ID.AM-04",,,1.0,0,"2025-08-24 20:47:09","2025-08-24 20:47:09"
ID.AM-05_risk,ID.AM-05,"What is the risk level associated with your current asset management and inventory practices?",multiple_choice,"This question assesses risk for ID.AM-05",,,1.0,0,"2025-08-24 20:47:09","2025-08-24 20:47:09"
ID.AM-05_maturity,ID.AM-05,"How mature is your asset management and inventory program?",multiple_choice,"This question assesses maturity for ID.AM-05",,,1.0,0,"2025-08-24 20:47:09","2025-08-24 20:47:09"
ID.AM-05_implementation,ID.AM-05,"How well implemented are your asset identification and management processes?",multiple_choice,"This question assesses implementation for ID.AM-05",,,1.0,0,"2025-08-24 20:47:09","2025-08-24 20:47:09"
ID.AM-05_effectiveness,ID.AM-05,"How effective is your asset management program at maintaining accurate inventories and classifications?",multiple_choice,"This question assesses effectiveness for ID.AM-05",,,1.0,0,"2025-08-24 20:47:09","2025-08-24 20:47:09"
ID.AM-07_risk,ID.AM-07,"What is the risk level associated with your current asset management and inventory practices?",multiple_choice,"This question assesses risk for ID.AM-07",,,1.0,0,"2025-08-24 20:47:09","2025-08-24 20:47:09"
ID.AM-07_maturity,ID.AM-07,"How mature is your asset management and inventory program?",multiple_choice,"This question assesses maturity for ID.AM-07",,,1.0,0,"2025-08-24 20:47:09","2025-08-24 20:47:09"
ID.AM-07_implementation,ID.AM-07,"How well implemented are your asset identification and management processes?",multiple_choice,"This question assesses implementation for ID.AM-07",,,1.0,0,"2025-08-24 20:47:09","2025-08-24 20:47:09"
ID.AM-07_effectiveness,ID.AM-07,"How effective is your asset management program at maintaining accurate inventories and classifications?",multiple_choice,"This question assesses effectiveness for ID.AM-07",,,1.0,0,"2025-08-24 20:47:09","2025-08-24 20:47:09"
ID.AM-08_risk,ID.AM-08,"What is the risk level associated with your current asset management and inventory practices?",multiple_choice,"This question assesses risk for ID.AM-08",,,1.0,0,"2025-08-24 20:47:09","2025-08-24 20:47:09"
ID.AM-08_maturity,ID.AM-08,"How mature is your asset management and inventory program?",multiple_choice,"This question assesses maturity for ID.AM-08",,,1.0,0,"2025-08-24 20:47:09","2025-08-24 20:47:09"
ID.AM-08_implementation,ID.AM-08,"How well implemented are your asset identification and management processes?",multiple_choice,"This question assesses implementation for ID.AM-08",,,1.0,0,"2025-08-24 20:47:09","2025-08-24 20:47:09"
ID.AM-08_effectiveness,ID.AM-08,"How effective is your asset management program at maintaining accurate inventories and classifications?",multiple_choice,"This question assesses effectiveness for ID.AM-08",,,1.0,0,"2025-08-24 20:47:09","2025-08-24 20:47:09"
ID.IM-01_risk,ID.IM-01,"What risk level exists regarding your cybersecurity improvement processes?",multiple_choice,"This question assesses risk for ID.IM-01",,,1.0,0,"2025-08-24 20:47:09","2025-08-24 20:47:09"
ID.IM-01_maturity,ID.IM-01,"How mature are your cybersecurity improvement and learning processes?",multiple_choice,"This question assesses maturity for ID.IM-01",,,1.0,0,"2025-08-24 20:47:09","2025-08-24 20:47:09"
ID.IM-01_implementation,ID.IM-01,"How completely implemented are your cybersecurity improvement processes?",multiple_choice,"This question assesses implementation for ID.IM-01",,,1.0,0,"2025-08-24 20:47:09","2025-08-24 20:47:09"
ID.IM-01_effectiveness,ID.IM-01,"How effective are your cybersecurity improvement processes at enhancing security posture?",multiple_choice,"This question assesses effectiveness for ID.IM-01",,,1.0,0,"2025-08-24 20:47:09","2025-08-24 20:47:09"
ID.IM-02_risk,ID.IM-02,"What risk level exists regarding your cybersecurity improvement processes?",multiple_choice,"This question assesses risk for ID.IM-02",,,1.0,0,"2025-08-24 20:47:09","2025-08-24 20:47:09"
ID.IM-02_maturity,ID.IM-02,"How mature are your cybersecurity improvement and learning processes?",multiple_choice,"This question assesses maturity for ID.IM-02",,,1.0,0,"2025-08-24 20:47:09","2025-08-24 20:47:09"
ID.IM-02_implementation,ID.IM-02,"How completely implemented are your cybersecurity improvement processes?",multiple_choice,"This question assesses implementation for ID.IM-02",,,1.0,0,"2025-08-24 20:47:09","2025-08-24 20:47:09"
ID.IM-02_effectiveness,ID.IM-02,"How effective are your cybersecurity improvement processes at enhancing security posture?",multiple_choice,"This question assesses effectiveness for ID.IM-02",,,1.0,0,"2025-08-24 20:47:09","2025-08-24 20:47:09"
ID.IM-03_risk,ID.IM-03,"What risk level exists regarding your cybersecurity improvement processes?",multiple_choice,"This question assesses risk for ID.IM-03",,,1.0,0,"2025-08-24 20:47:09","2025-08-24 20:47:09"
ID.IM-03_maturity,ID.IM-03,"How mature are your cybersecurity improvement and learning processes?",multiple_choice,"This question assesses maturity for ID.IM-03",,,1.0,0,"2025-08-24 20:47:09","2025-08-24 20:47:09"
ID.IM-03_implementation,ID.IM-03,"How completely implemented are your cybersecurity improvement processes?",multiple_choice,"This question assesses implementation for ID.IM-03",,,1.0,0,"2025-08-24 20:47:09","2025-08-24 20:47:09"
ID.IM-03_effectiveness,ID.IM-03,"How effective are your cybersecurity improvement processes at enhancing security posture?",multiple_choice,"This question assesses effectiveness for ID.IM-03",,,1.0,0,"2025-08-24 20:47:09","2025-08-24 20:47:09"
ID.IM-04_risk,ID.IM-04,"What risk level exists regarding your cybersecurity improvement processes?",multiple_choice,"This question assesses risk for ID.IM-04",,,1.0,0,"2025-08-24 20:47:09","2025-08-24 20:47:09"
ID.IM-04_maturity,ID.IM-04,"How mature are your cybersecurity improvement and learning processes?",multiple_choice,"This question assesses maturity for ID.IM-04",,,1.0,0,"2025-08-24 20:47:09","2025-08-24 20:47:09"
ID.IM-04_implementation,ID.IM-04,"How completely implemented are your cybersecurity improvement processes?",multiple_choice,"This question assesses implementation for ID.IM-04",,,1.0,0,"2025-08-24 20:47:09","2025-08-24 20:47:09"
ID.IM-04_effectiveness,ID.IM-04,"How effective are your cybersecurity improvement processes at enhancing security posture?",multiple_choice,"This question assesses effectiveness for ID.IM-04",,,1.0,0,"2025-08-24 20:47:09","2025-08-24 20:47:09"
ID.RA-01_risk,ID.RA-01,"How would you assess the risk from your current risk assessment and vulnerability management approach?",multiple_choice,"This question assesses risk for ID.RA-01",,,1.0,0,"2025-08-24 20:47:09","2025-08-24 20:47:09"
ID.RA-01_maturity,ID.RA-01,"What is the maturity level of your risk assessment and vulnerability management processes?",multiple_choice,"This question assesses maturity for ID.RA-01",,,1.0,0,"2025-08-24 20:47:09","2025-08-24 20:47:09"
ID.RA-01_implementation,ID.RA-01,"What is the implementation status of your risk assessment and vulnerability management program?",multiple_choice,"This question assesses implementation for ID.RA-01",,,1.0,0,"2025-08-24 20:47:09","2025-08-24 20:47:09"
ID.RA-01_effectiveness,ID.RA-01,"How effective are your risk assessment processes at identifying and prioritizing actual risks?",multiple_choice,"This question assesses effectiveness for ID.RA-01",,,1.0,0,"2025-08-24 20:47:09","2025-08-24 20:47:09"
ID.RA-02_risk,ID.RA-02,"How would you assess the risk from your current risk assessment and vulnerability management approach?",multiple_choice,"This question assesses risk for ID.RA-02",,,1.0,0,"2025-08-24 20:47:09","2025-08-24 20:47:09"
ID.RA-02_maturity,ID.RA-02,"What is the maturity level of your risk assessment and vulnerability management processes?",multiple_choice,"This question assesses maturity for ID.RA-02",,,1.0,0,"2025-08-24 20:47:09","2025-08-24 20:47:09"
ID.RA-02_implementation,ID.RA-02,"What is the implementation status of your risk assessment and vulnerability management program?",multiple_choice,"This question assesses implementation for ID.RA-02",,,1.0,0,"2025-08-24 20:47:09","2025-08-24 20:47:09"
ID.RA-02_effectiveness,ID.RA-02,"How effective are your risk assessment processes at identifying and prioritizing actual risks?",multiple_choice,"This question assesses effectiveness for ID.RA-02",,,1.0,0,"2025-08-24 20:47:09","2025-08-24 20:47:09"
ID.RA-03_risk,ID.RA-03,"How would you assess the risk from your current risk assessment and vulnerability management approach?",multiple_choice,"This question assesses risk for ID.RA-03",,,1.0,0,"2025-08-24 20:47:09","2025-08-24 20:47:09"
ID.RA-03_maturity,ID.RA-03,"What is the maturity level of your risk assessment and vulnerability management processes?",multiple_choice,"This question assesses maturity for ID.RA-03",,,1.0,0,"2025-08-24 20:47:09","2025-08-24 20:47:09"
ID.RA-03_implementation,ID.RA-03,"What is the implementation status of your risk assessment and vulnerability management program?",multiple_choice,"This question assesses implementation for ID.RA-03",,,1.0,0,"2025-08-24 20:47:09","2025-08-24 20:47:09"
ID.RA-03_effectiveness,ID.RA-03,"How effective are your risk assessment processes at identifying and prioritizing actual risks?",multiple_choice,"This question assesses effectiveness for ID.RA-03",,,1.0,0,"2025-08-24 20:47:09","2025-08-24 20:47:09"
ID.RA-04_risk,ID.RA-04,"How would you assess the risk from your current risk assessment and vulnerability management approach?",multiple_choice,"This question assesses risk for ID.RA-04",,,1.0,0,"2025-08-24 20:47:09","2025-08-24 20:47:09"
ID.RA-04_maturity,ID.RA-04,"What is the maturity level of your risk assessment and vulnerability management processes?",multiple_choice,"This question assesses maturity for ID.RA-04",,,1.0,0,"2025-08-24 20:47:09","2025-08-24 20:47:09"
ID.RA-04_implementation,ID.RA-04,"What is the implementation status of your risk assessment and vulnerability management program?",multiple_choice,"This question assesses implementation for ID.RA-04",,,1.0,0,"2025-08-24 20:47:09","2025-08-24 20:47:09"
ID.RA-04_effectiveness,ID.RA-04,"How effective are your risk assessment processes at identifying and prioritizing actual risks?",multiple_choice,"This question assesses effectiveness for ID.RA-04",,,1.0,0,"2025-08-24 20:47:09","2025-08-24 20:47:09"
ID.RA-05_risk,ID.RA-05,"How would you assess the risk from your current risk assessment and vulnerability management approach?",multiple_choice,"This question assesses risk for ID.RA-05",,,1.0,0,"2025-08-24 20:47:09","2025-08-24 20:47:09"
ID.RA-05_maturity,ID.RA-05,"What is the maturity level of your risk assessment and vulnerability management processes?",multiple_choice,"This question assesses maturity for ID.RA-05",,,1.0,0,"2025-08-24 20:47:09","2025-08-24 20:47:09"
ID.RA-05_implementation,ID.RA-05,"What is the implementation status of your risk assessment and vulnerability management program?",multiple_choice,"This question assesses implementation for ID.RA-05",,,1.0,0,"2025-08-24 20:47:09","2025-08-24 20:47:09"
ID.RA-05_effectiveness,ID.RA-05,"How effective are your risk assessment processes at identifying and prioritizing actual risks?",multiple_choice,"This question assesses effectiveness for ID.RA-05",,,1.0,0,"2025-08-24 20:47:09","2025-08-24 20:47:09"
ID.RA-06_risk,ID.RA-06,"How would you assess the risk from your current risk assessment and vulnerability management approach?",multiple_choice,"This question assesses risk for ID.RA-06",,,1.0,0,"2025-08-24 20:47:09","2025-08-24 20:47:09"
ID.RA-06_maturity,ID.RA-06,"What is the maturity level of your risk assessment and vulnerability management processes?",multiple_choice,"This question assesses maturity for ID.RA-06",,,1.0,0,"2025-08-24 20:47:09","2025-08-24 20:47:09"
ID.RA-06_implementation,ID.RA-06,"What is the implementation status of your risk assessment and vulnerability management program?",multiple_choice,"This question assesses implementation for ID.RA-06",,,1.0,0,"2025-08-24 20:47:09","2025-08-24 20:47:09"
ID.RA-06_effectiveness,ID.RA-06,"How effective are your risk assessment processes at identifying and prioritizing actual risks?",multiple_choice,"This question assesses effectiveness for ID.RA-06",,,1.0,0,"2025-08-24 20:47:09","2025-08-24 20:47:09"
ID.RA-07_risk,ID.RA-07,"How would you assess the risk from your current risk assessment and vulnerability management approach?",multiple_choice,"This question assesses risk for ID.RA-07",,,1.0,0,"2025-08-24 20:47:09","2025-08-24 20:47:09"
ID.RA-07_maturity,ID.RA-07,"What is the maturity level of your risk assessment and vulnerability management processes?",multiple_choice,"This question assesses maturity for ID.RA-07",,,1.0,0,"2025-08-24 20:47:09","2025-08-24 20:47:09"
ID.RA-07_implementation,ID.RA-07,"What is the implementation status of your risk assessment and vulnerability management program?",multiple_choice,"This question assesses implementation for ID.RA-07",,,1.0,0,"2025-08-24 20:47:09","2025-08-24 20:47:09"
ID.RA-07_effectiveness,ID.RA-07,"How effective are your risk assessment processes at identifying and prioritizing actual risks?",multiple_choice,"This question assesses effectiveness for ID.RA-07",,,1.0,0,"2025-08-24 20:47:09","2025-08-24 20:47:09"
ID.RA-08_risk,ID.RA-08,"How would you assess the risk from your current risk assessment and vulnerability management approach?",multiple_choice,"This question assesses risk for ID.RA-08",,,1.0,0,"2025-08-24 20:47:09","2025-08-24 20:47:09"
ID.RA-08_maturity,ID.RA-08,"What is the maturity level of your risk assessment and vulnerability management processes?",multiple_choice,"This question assesses maturity for ID.RA-08",,,1.0,0,"2025-08-24 20:47:09","2025-08-24 20:47:09"
ID.RA-08_implementation,ID.RA-08,"What is the implementation status of your risk assessment and vulnerability management program?",multiple_choice,"This question assesses implementation for ID.RA-08",,,1.0,0,"2025-08-24 20:47:09","2025-08-24 20:47:09"
ID.RA-08_effectiveness,ID.RA-08,"How effective are your risk assessment processes at identifying and prioritizing actual risks?",multiple_choice,"This question assesses effectiveness for ID.RA-08",,,1.0,0,"2025-08-24 20:47:09","2025-08-24 20:47:09"
ID.RA-09_risk,ID.RA-09,"How would you assess the risk from your current risk assessment and vulnerability management approach?",multiple_choice,"This question assesses risk for ID.RA-09",,,1.0,0,"2025-08-24 20:47:09","2025-08-24 20:47:09"
ID.RA-09_maturity,ID.RA-09,"What is the maturity level of your risk assessment and vulnerability management processes?",multiple_choice,"This question assesses maturity for ID.RA-09",,,1.0,0,"2025-08-24 20:47:09","2025-08-24 20:47:09"
ID.RA-09_implementation,ID.RA-09,"What is the implementation status of your risk assessment and vulnerability management program?",multiple_choice,"This question assesses implementation for ID.RA-09",,,1.0,0,"2025-08-24 20:47:09","2025-08-24 20:47:09"
ID.RA-09_effectiveness,ID.RA-09,"How effective are your risk assessment processes at identifying and prioritizing actual risks?",multiple_choice,"This question assesses effectiveness for ID.RA-09",,,1.0,0,"2025-08-24 20:47:09","2025-08-24 20:47:09"
ID.RA-10_risk,ID.RA-10,"How would you assess the risk from your current risk assessment and vulnerability management approach?",multiple_choice,"This question assesses risk for ID.RA-10",,,1.0,0,"2025-08-24 20:47:09","2025-08-24 20:47:09"
ID.RA-10_maturity,ID.RA-10,"What is the maturity level of your risk assessment and vulnerability management processes?",multiple_choice,"This question assesses maturity for ID.RA-10",,,1.0,0,"2025-08-24 20:47:09","2025-08-24 20:47:09"
ID.RA-10_implementation,ID.RA-10,"What is the implementation status of your risk assessment and vulnerability management program?",multiple_choice,"This question assesses implementation for ID.RA-10",,,1.0,0,"2025-08-24 20:47:09","2025-08-24 20:47:09"
ID.RA-10_effectiveness,ID.RA-10,"How effective are your risk assessment processes at identifying and prioritizing actual risks?",multiple_choice,"This question assesses effectiveness for ID.RA-10",,,1.0,0,"2025-08-24 20:47:09","2025-08-24 20:47:09"
PR.AA-01_risk,PR.AA-01,"What is the risk level associated with your current access control and identity management?",multiple_choice,"This question assesses risk for PR.AA-01",,,1.0,0,"2025-08-24 20:47:09","2025-08-24 20:47:09"
PR.AA-01_maturity,PR.AA-01,"How mature is your access control and identity management program?",multiple_choice,"This question assesses maturity for PR.AA-01",,,1.0,0,"2025-08-24 20:47:09","2025-08-24 20:47:09"
PR.AA-01_implementation,PR.AA-01,"How well implemented are your access control and identity management systems?",multiple_choice,"This question assesses implementation for PR.AA-01",,,1.0,0,"2025-08-24 20:47:09","2025-08-24 20:47:09"
PR.AA-01_effectiveness,PR.AA-01,"How effective are your access controls at preventing unauthorized access?",multiple_choice,"This question assesses effectiveness for PR.AA-01",,,1.0,0,"2025-08-24 20:47:09","2025-08-24 20:47:09"
PR.AA-02_risk,PR.AA-02,"What is the risk level associated with your current access control and identity management?",multiple_choice,"This question assesses risk for PR.AA-02",,,1.0,0,"2025-08-24 20:47:09","2025-08-24 20:47:09"
PR.AA-02_maturity,PR.AA-02,"How mature is your access control and identity management program?",multiple_choice,"This question assesses maturity for PR.AA-02",,,1.0,0,"2025-08-24 20:47:09","2025-08-24 20:47:09"
PR.AA-02_implementation,PR.AA-02,"How well implemented are your access control and identity management systems?",multiple_choice,"This question assesses implementation for PR.AA-02",,,1.0,0,"2025-08-24 20:47:09","2025-08-24 20:47:09"
PR.AA-02_effectiveness,PR.AA-02,"How effective are your access controls at preventing unauthorized access?",multiple_choice,"This question assesses effectiveness for PR.AA-02",,,1.0,0,"2025-08-24 20:47:09","2025-08-24 20:47:09"
PR.AA-03_risk,PR.AA-03,"What is the risk level associated with your current access control and identity management?",multiple_choice,"This question assesses risk for PR.AA-03",,,1.0,0,"2025-08-24 20:47:09","2025-08-24 20:47:09"
PR.AA-03_maturity,PR.AA-03,"How mature is your access control and identity management program?",multiple_choice,"This question assesses maturity for PR.AA-03",,,1.0,0,"2025-08-24 20:47:09","2025-08-24 20:47:09"
PR.AA-03_implementation,PR.AA-03,"How well implemented are your access control and identity management systems?",multiple_choice,"This question assesses implementation for PR.AA-03",,,1.0,0,"2025-08-24 20:47:09","2025-08-24 20:47:09"
PR.AA-03_effectiveness,PR.AA-03,"How effective are your access controls at preventing unauthorized access?",multiple_choice,"This question assesses effectiveness for PR.AA-03",,,1.0,0,"2025-08-24 20:47:09","2025-08-24 20:47:09"
PR.AA-04_risk,PR.AA-04,"What is the risk level associated with your current access control and identity management?",multiple_choice,"This question assesses risk for PR.AA-04",,,1.0,0,"2025-08-24 20:47:09","2025-08-24 20:47:09"
PR.AA-04_maturity,PR.AA-04,"How mature is your access control and identity management program?",multiple_choice,"This question assesses maturity for PR.AA-04",,,1.0,0,"2025-08-24 20:47:09","2025-08-24 20:47:09"
PR.AA-04_implementation,PR.AA-04,"How well implemented are your access control and identity management systems?",multiple_choice,"This question assesses implementation for PR.AA-04",,,1.0,0,"2025-08-24 20:47:09","2025-08-24 20:47:09"
PR.AA-04_effectiveness,PR.AA-04,"How effective are your access controls at preventing unauthorized access?",multiple_choice,"This question assesses effectiveness for PR.AA-04",,,1.0,0,"2025-08-24 20:47:09","2025-08-24 20:47:09"
PR.AA-05_risk,PR.AA-05,"What is the risk level associated with your current access control and identity management?",multiple_choice,"This question assesses risk for PR.AA-05",,,1.0,0,"2025-08-24 20:47:09","2025-08-24 20:47:09"
PR.AA-05_maturity,PR.AA-05,"How mature is your access control and identity management program?",multiple_choice,"This question assesses maturity for PR.AA-05",,,1.0,0,"2025-08-24 20:47:09","2025-08-24 20:47:09"
PR.AA-05_implementation,PR.AA-05,"How well implemented are your access control and identity management systems?",multiple_choice,"This question assesses implementation for PR.AA-05",,,1.0,0,"2025-08-24 20:47:09","2025-08-24 20:47:09"
PR.AA-05_effectiveness,PR.AA-05,"How effective are your access controls at preventing unauthorized access?",multiple_choice,"This question assesses effectiveness for PR.AA-05",,,1.0,0,"2025-08-24 20:47:09","2025-08-24 20:47:09"
PR.AA-06_risk,PR.AA-06,"What is the risk level associated with your current access control and identity management?",multiple_choice,"This question assesses risk for PR.AA-06",,,1.0,0,"2025-08-24 20:47:09","2025-08-24 20:47:09"
PR.AA-06_maturity,PR.AA-06,"How mature is your access control and identity management program?",multiple_choice,"This question assesses maturity for PR.AA-06",,,1.0,0,"2025-08-24 20:47:09","2025-08-24 20:47:09"
PR.AA-06_implementation,PR.AA-06,"How well implemented are your access control and identity management systems?",multiple_choice,"This question assesses implementation for PR.AA-06",,,1.0,0,"2025-08-24 20:47:09","2025-08-24 20:47:09"
PR.AA-06_effectiveness,PR.AA-06,"How effective are your access controls at preventing unauthorized access?",multiple_choice,"This question assesses effectiveness for PR.AA-06",,,1.0,0,"2025-08-24 20:47:09","2025-08-24 20:47:09"
PR.AT-01_risk,PR.AT-01,"How would you assess the risk from inadequate cybersecurity awareness and training?",multiple_choice,"This question assesses risk for PR.AT-01",,,1.0,0,"2025-08-24 20:47:09","2025-08-24 20:47:09"
PR.AT-01_maturity,PR.AT-01,"What is the maturity level of your cybersecurity awareness and training program?",multiple_choice,"This question assesses maturity for PR.AT-01",,,1.0,0,"2025-08-24 20:47:09","2025-08-24 20:47:09"
PR.AT-01_implementation,PR.AT-01,"What is the implementation status of your cybersecurity awareness and training programs?",multiple_choice,"This question assesses implementation for PR.AT-01",,,1.0,0,"2025-08-24 20:47:09","2025-08-24 20:47:09"
PR.AT-01_effectiveness,PR.AT-01,"How effective is your cybersecurity training at changing employee behavior?",multiple_choice,"This question assesses effectiveness for PR.AT-01",,,1.0,0,"2025-08-24 20:47:09","2025-08-24 20:47:09"
PR.AT-02_risk,PR.AT-02,"How would you assess the risk from inadequate cybersecurity awareness and training?",multiple_choice,"This question assesses risk for PR.AT-02",,,1.0,0,"2025-08-24 20:47:09","2025-08-24 20:47:09"
PR.AT-02_maturity,PR.AT-02,"What is the maturity level of your cybersecurity awareness and training program?",multiple_choice,"This question assesses maturity for PR.AT-02",,,1.0,0,"2025-08-24 20:47:09","2025-08-24 20:47:09"
PR.AT-02_implementation,PR.AT-02,"What is the implementation status of your cybersecurity awareness and training programs?",multiple_choice,"This question assesses implementation for PR.AT-02",,,1.0,0,"2025-08-24 20:47:09","2025-08-24 20:47:09"
PR.AT-02_effectiveness,PR.AT-02,"How effective is your cybersecurity training at changing employee behavior?",multiple_choice,"This question assesses effectiveness for PR.AT-02",,,1.0,0,"2025-08-24 20:47:09","2025-08-24 20:47:09"
PR.DS-01_risk,PR.DS-01,"What risk level exists regarding your data security and privacy protection measures?",multiple_choice,"This question assesses risk for PR.DS-01",,,1.0,0,"2025-08-24 20:47:09","2025-08-24 20:47:09"
PR.DS-01_maturity,PR.DS-01,"How mature are your data security and privacy protection processes?",multiple_choice,"This question assesses maturity for PR.DS-01",,,1.0,0,"2025-08-24 20:47:09","2025-08-24 20:47:09"
PR.DS-01_implementation,PR.DS-01,"How completely implemented are your data security and privacy protection measures?",multiple_choice,"This question assesses implementation for PR.DS-01",,,1.0,0,"2025-08-24 20:47:09","2025-08-24 20:47:09"
PR.DS-01_effectiveness,PR.DS-01,"How effective are your data security measures at protecting sensitive information?",multiple_choice,"This question assesses effectiveness for PR.DS-01",,,1.0,0,"2025-08-24 20:47:09","2025-08-24 20:47:09"
PR.DS-02_risk,PR.DS-02,"What risk level exists regarding your data security and privacy protection measures?",multiple_choice,"This question assesses risk for PR.DS-02",,,1.0,0,"2025-08-24 20:47:09","2025-08-24 20:47:09"
PR.DS-02_maturity,PR.DS-02,"How mature are your data security and privacy protection processes?",multiple_choice,"This question assesses maturity for PR.DS-02",,,1.0,0,"2025-08-24 20:47:09","2025-08-24 20:47:09"
PR.DS-02_implementation,PR.DS-02,"How completely implemented are your data security and privacy protection measures?",multiple_choice,"This question assesses implementation for PR.DS-02",,,1.0,0,"2025-08-24 20:47:09","2025-08-24 20:47:09"
PR.DS-02_effectiveness,PR.DS-02,"How effective are your data security measures at protecting sensitive information?",multiple_choice,"This question assesses effectiveness for PR.DS-02",,,1.0,0,"2025-08-24 20:47:09","2025-08-24 20:47:09"
PR.DS-10_risk,PR.DS-10,"What risk level exists regarding your data security and privacy protection measures?",multiple_choice,"This question assesses risk for PR.DS-10",,,1.0,0,"2025-08-24 20:47:09","2025-08-24 20:47:09"
PR.DS-10_maturity,PR.DS-10,"How mature are your data security and privacy protection processes?",multiple_choice,"This question assesses maturity for PR.DS-10",,,1.0,0,"2025-08-24 20:47:09","2025-08-24 20:47:09"
PR.DS-10_implementation,PR.DS-10,"How completely implemented are your data security and privacy protection measures?",multiple_choice,"This question assesses implementation for PR.DS-10",,,1.0,0,"2025-08-24 20:47:09","2025-08-24 20:47:09"
PR.DS-10_effectiveness,PR.DS-10,"How effective are your data security measures at protecting sensitive information?",multiple_choice,"This question assesses effectiveness for PR.DS-10",,,1.0,0,"2025-08-24 20:47:09","2025-08-24 20:47:09"
PR.DS-11_risk,PR.DS-11,"What risk level exists regarding your data security and privacy protection measures?",multiple_choice,"This question assesses risk for PR.DS-11",,,1.0,0,"2025-08-24 20:47:09","2025-08-24 20:47:09"
PR.DS-11_maturity,PR.DS-11,"How mature are your data security and privacy protection processes?",multiple_choice,"This question assesses maturity for PR.DS-11",,,1.0,0,"2025-08-24 20:47:09","2025-08-24 20:47:09"
PR.DS-11_implementation,PR.DS-11,"How completely implemented are your data security and privacy protection measures?",multiple_choice,"This question assesses implementation for PR.DS-11",,,1.0,0,"2025-08-24 20:47:09","2025-08-24 20:47:09"
PR.DS-11_effectiveness,PR.DS-11,"How effective are your data security measures at protecting sensitive information?",multiple_choice,"This question assesses effectiveness for PR.DS-11",,,1.0,0,"2025-08-24 20:47:09","2025-08-24 20:47:09"
PR.IR-01_risk,PR.IR-01,"What is the risk level related to your infrastructure resilience and recovery capabilities?",multiple_choice,"This question assesses risk for PR.IR-01",,,1.0,0,"2025-08-24 20:47:09","2025-08-24 20:47:09"
PR.IR-01_maturity,PR.IR-01,"How mature is your infrastructure resilience and business continuity program?",multiple_choice,"This question assesses maturity for PR.IR-01",,,1.0,0,"2025-08-24 20:47:09","2025-08-24 20:47:09"
PR.IR-01_implementation,PR.IR-01,"How well implemented are your infrastructure resilience and recovery capabilities?",multiple_choice,"This question assesses implementation for PR.IR-01",,,1.0,0,"2025-08-24 20:47:09","2025-08-24 20:47:09"
PR.IR-01_effectiveness,PR.IR-01,"How effective is your infrastructure at maintaining resilience during disruptions?",multiple_choice,"This question assesses effectiveness for PR.IR-01",,,1.0,0,"2025-08-24 20:47:09","2025-08-24 20:47:09"
PR.IR-02_risk,PR.IR-02,"What is the risk level related to your infrastructure resilience and recovery capabilities?",multiple_choice,"This question assesses risk for PR.IR-02",,,1.0,0,"2025-08-24 20:47:09","2025-08-24 20:47:09"
PR.IR-02_maturity,PR.IR-02,"How mature is your infrastructure resilience and business continuity program?",multiple_choice,"This question assesses maturity for PR.IR-02",,,1.0,0,"2025-08-24 20:47:09","2025-08-24 20:47:09"
PR.IR-02_implementation,PR.IR-02,"How well implemented are your infrastructure resilience and recovery capabilities?",multiple_choice,"This question assesses implementation for PR.IR-02",,,1.0,0,"2025-08-24 20:47:09","2025-08-24 20:47:09"
PR.IR-02_effectiveness,PR.IR-02,"How effective is your infrastructure at maintaining resilience during disruptions?",multiple_choice,"This question assesses effectiveness for PR.IR-02",,,1.0,0,"2025-08-24 20:47:09","2025-08-24 20:47:09"
PR.IR-03_risk,PR.IR-03,"What is the risk level related to your infrastructure resilience and recovery capabilities?",multiple_choice,"This question assesses risk for PR.IR-03",,,1.0,0,"2025-08-24 20:47:09","2025-08-24 20:47:09"
PR.IR-03_maturity,PR.IR-03,"How mature is your infrastructure resilience and business continuity program?",multiple_choice,"This question assesses maturity for PR.IR-03",,,1.0,0,"2025-08-24 20:47:09","2025-08-24 20:47:09"
PR.IR-03_implementation,PR.IR-03,"How well implemented are your infrastructure resilience and recovery capabilities?",multiple_choice,"This question assesses implementation for PR.IR-03",,,1.0,0,"2025-08-24 20:47:09","2025-08-24 20:47:09"
PR.IR-03_effectiveness,PR.IR-03,"How effective is your infrastructure at maintaining resilience during disruptions?",multiple_choice,"This question assesses effectiveness for PR.IR-03",,,1.0,0,"2025-08-24 20:47:09","2025-08-24 20:47:09"
PR.IR-04_risk,PR.IR-04,"What is the risk level related to your infrastructure resilience and recovery capabilities?",multiple_choice,"This question assesses risk for PR.IR-04",,,1.0,0,"2025-08-24 20:47:09","2025-08-24 20:47:09"
PR.IR-04_maturity,PR.IR-04,"How mature is your infrastructure resilience and business continuity program?",multiple_choice,"This question assesses maturity for PR.IR-04",,,1.0,0,"2025-08-24 20:47:09","2025-08-24 20:47:09"
PR.IR-04_implementation,PR.IR-04,"How well implemented are your infrastructure resilience and recovery capabilities?",multiple_choice,"This question assesses implementation for PR.IR-04",,,1.0,0,"2025-08-24 20:47:09","2025-08-24 20:47:09"
PR.IR-04_effectiveness,PR.IR-04,"How effective is your infrastructure at maintaining resilience during disruptions?",multiple_choice,"This question assesses effectiveness for PR.IR-04",,,1.0,0,"2025-08-24 20:47:09","2025-08-24 20:47:09"
PR.PS-01_risk,PR.PS-01,"How would you rate the risk associated with your platform and system security?",multiple_choice,"This question assesses risk for PR.PS-01",,,1.0,0,"2025-08-24 20:47:09","2025-08-24 20:47:09"
PR.PS-01_maturity,PR.PS-01,"What is the maturity of your platform and system security management?",multiple_choice,"This question assesses maturity for PR.PS-01",,,1.0,0,"2025-08-24 20:47:09","2025-08-24 20:47:09"
PR.PS-01_implementation,PR.PS-01,"What is the implementation status of your platform and system security controls?",multiple_choice,"This question assesses implementation for PR.PS-01",,,1.0,0,"2025-08-24 20:47:09","2025-08-24 20:47:09"
PR.PS-01_effectiveness,PR.PS-01,"How effective are your platform security controls at preventing system compromises?",multiple_choice,"This question assesses effectiveness for PR.PS-01",,,1.0,0,"2025-08-24 20:47:09","2025-08-24 20:47:09"
PR.PS-02_risk,PR.PS-02,"How would you rate the risk associated with your platform and system security?",multiple_choice,"This question assesses risk for PR.PS-02",,,1.0,0,"2025-08-24 20:47:09","2025-08-24 20:47:09"
PR.PS-02_maturity,PR.PS-02,"What is the maturity of your platform and system security management?",multiple_choice,"This question assesses maturity for PR.PS-02",,,1.0,0,"2025-08-24 20:47:09","2025-08-24 20:47:09"
PR.PS-02_implementation,PR.PS-02,"What is the implementation status of your platform and system security controls?",multiple_choice,"This question assesses implementation for PR.PS-02",,,1.0,0,"2025-08-24 20:47:09","2025-08-24 20:47:09"
PR.PS-02_effectiveness,PR.PS-02,"How effective are your platform security controls at preventing system compromises?",multiple_choice,"This question assesses effectiveness for PR.PS-02",,,1.0,0,"2025-08-24 20:47:09","2025-08-24 20:47:09"
PR.PS-03_risk,PR.PS-03,"How would you rate the risk associated with your platform and system security?",multiple_choice,"This question assesses risk for PR.PS-03",,,1.0,0,"2025-08-24 20:47:09","2025-08-24 20:47:09"
PR.PS-03_maturity,PR.PS-03,"What is the maturity of your platform and system security management?",multiple_choice,"This question assesses maturity for PR.PS-03",,,1.0,0,"2025-08-24 20:47:09","2025-08-24 20:47:09"
PR.PS-03_implementation,PR.PS-03,"What is the implementation status of your platform and system security controls?",multiple_choice,"This question assesses implementation for PR.PS-03",,,1.0,0,"2025-08-24 20:47:09","2025-08-24 20:47:09"
PR.PS-03_effectiveness,PR.PS-03,"How effective are your platform security controls at preventing system compromises?",multiple_choice,"This question assesses effectiveness for PR.PS-03",,,1.0,0,"2025-08-24 20:47:09","2025-08-24 20:47:09"
PR.PS-04_risk,PR.PS-04,"How would you rate the risk associated with your platform and system security?",multiple_choice,"This question assesses risk for PR.PS-04",,,1.0,0,"2025-08-24 20:47:09","2025-08-24 20:47:09"
PR.PS-04_maturity,PR.PS-04,"What is the maturity of your platform and system security management?",multiple_choice,"This question assesses maturity for PR.PS-04",,,1.0,0,"2025-08-24 20:47:09","2025-08-24 20:47:09"
PR.PS-04_implementation,PR.PS-04,"What is the implementation status of your platform and system security controls?",multiple_choice,"This question assesses implementation for PR.PS-04",,,1.0,0,"2025-08-24 20:47:09","2025-08-24 20:47:09"
PR.PS-04_effectiveness,PR.PS-04,"How effective are your platform security controls at preventing system compromises?",multiple_choice,"This question assesses effectiveness for PR.PS-04",,,1.0,0,"2025-08-24 20:47:09","2025-08-24 20:47:09"
PR.PS-05_risk,PR.PS-05,"How would you rate the risk associated with your platform and system security?",multiple_choice,"This question assesses risk for PR.PS-05",,,1.0,0,"2025-08-24 20:47:09","2025-08-24 20:47:09"
PR.PS-05_maturity,PR.PS-05,"What is the maturity of your platform and system security management?",multiple_choice,"This question assesses maturity for PR.PS-05",,,1.0,0,"2025-08-24 20:47:09","2025-08-24 20:47:09"
PR.PS-05_implementation,PR.PS-05,"What is the implementation status of your platform and system security controls?",multiple_choice,"This question assesses implementation for PR.PS-05",,,1.0,0,"2025-08-24 20:47:09","2025-08-24 20:47:09"
PR.PS-05_effectiveness,PR.PS-05,"How effective are your platform security controls at preventing system compromises?",multiple_choice,"This question assesses effectiveness for PR.PS-05",,,1.0,0,"2025-08-24 20:47:09","2025-08-24 20:47:09"
PR.PS-06_risk,PR.PS-06,"How would you rate the risk associated with your platform and system security?",multiple_choice,"This question assesses risk for PR.PS-06",,,1.0,0,"2025-08-24 20:47:09","2025-08-24 20:47:09"
PR.PS-06_maturity,PR.PS-06,"What is the maturity of your platform and system security management?",multiple_choice,"This question assesses maturity for PR.PS-06",,,1.0,0,"2025-08-24 20:47:09","2025-08-24 20:47:09"
PR.PS-06_implementation,PR.PS-06,"What is the implementation status of your platform and system security controls?",multiple_choice,"This question assesses implementation for PR.PS-06",,,1.0,0,"2025-08-24 20:47:09","2025-08-24 20:47:09"
PR.PS-06_effectiveness,PR.PS-06,"How effective are your platform security controls at preventing system compromises?",multiple_choice,"This question assesses effectiveness for PR.PS-06",,,1.0,0,"2025-08-24 20:47:09","2025-08-24 20:47:09"
RC.CO-03_risk,RC.CO-03,"How would you assess the risk from your recovery communication and coordination processes?",multiple_choice,"This question assesses risk for RC.CO-03",,,1.0,0,"2025-08-24 20:47:09","2025-08-24 20:47:09"
RC.CO-03_maturity,RC.CO-03,"What is the maturity level of your recovery communication and stakeholder coordination?",multiple_choice,"This question assesses maturity for RC.CO-03",,,1.0,0,"2025-08-24 20:47:09","2025-08-24 20:47:09"
RC.CO-03_implementation,RC.CO-03,"What is the implementation status of your recovery communication protocols?",multiple_choice,"This question assesses implementation for RC.CO-03",,,1.0,0,"2025-08-24 20:47:09","2025-08-24 20:47:09"
RC.CO-03_effectiveness,RC.CO-03,"How effective is your recovery communication at coordinating restoration efforts?",multiple_choice,"This question assesses effectiveness for RC.CO-03",,,1.0,0,"2025-08-24 20:47:09","2025-08-24 20:47:09"
RC.CO-04_risk,RC.CO-04,"How would you assess the risk from your recovery communication and coordination processes?",multiple_choice,"This question assesses risk for RC.CO-04",,,1.0,0,"2025-08-24 20:47:09","2025-08-24 20:47:09"
RC.CO-04_maturity,RC.CO-04,"What is the maturity level of your recovery communication and stakeholder coordination?",multiple_choice,"This question assesses maturity for RC.CO-04",,,1.0,0,"2025-08-24 20:47:09","2025-08-24 20:47:09"
RC.CO-04_implementation,RC.CO-04,"What is the implementation status of your recovery communication protocols?",multiple_choice,"This question assesses implementation for RC.CO-04",,,1.0,0,"2025-08-24 20:47:09","2025-08-24 20:47:09"
RC.CO-04_effectiveness,RC.CO-04,"How effective is your recovery communication at coordinating restoration efforts?",multiple_choice,"This question assesses effectiveness for RC.CO-04",,,1.0,0,"2025-08-24 20:47:09","2025-08-24 20:47:09"
RC.RP-01_risk,RC.RP-01,"What is the risk level associated with your recovery planning and execution capabilities?",multiple_choice,"This question assesses risk for RC.RP-01",,,1.0,0,"2025-08-24 20:47:09","2025-08-24 20:47:09"
RC.RP-01_maturity,RC.RP-01,"How mature is your recovery planning and business continuity program?",multiple_choice,"This question assesses maturity for RC.RP-01",,,1.0,0,"2025-08-24 20:47:09","2025-08-24 20:47:09"
RC.RP-01_implementation,RC.RP-01,"How well implemented are your recovery planning and execution procedures?",multiple_choice,"This question assesses implementation for RC.RP-01",,,1.0,0,"2025-08-24 20:47:09","2025-08-24 20:47:09"
RC.RP-01_effectiveness,RC.RP-01,"How effective are your recovery procedures at restoring normal operations?",multiple_choice,"This question assesses effectiveness for RC.RP-01",,,1.0,0,"2025-08-24 20:47:09","2025-08-24 20:47:09"
RC.RP-02_risk,RC.RP-02,"What is the risk level associated with your recovery planning and execution capabilities?",multiple_choice,"This question assesses risk for RC.RP-02",,,1.0,0,"2025-08-24 20:47:09","2025-08-24 20:47:09"
RC.RP-02_maturity,RC.RP-02,"How mature is your recovery planning and business continuity program?",multiple_choice,"This question assesses maturity for RC.RP-02",,,1.0,0,"2025-08-24 20:47:09","2025-08-24 20:47:09"
RC.RP-02_implementation,RC.RP-02,"How well implemented are your recovery planning and execution procedures?",multiple_choice,"This question assesses implementation for RC.RP-02",,,1.0,0,"2025-08-24 20:47:09","2025-08-24 20:47:09"
RC.RP-02_effectiveness,RC.RP-02,"How effective are your recovery procedures at restoring normal operations?",multiple_choice,"This question assesses effectiveness for RC.RP-02",,,1.0,0,"2025-08-24 20:47:09","2025-08-24 20:47:09"
RC.RP-03_risk,RC.RP-03,"What is the risk level associated with your recovery planning and execution capabilities?",multiple_choice,"This question assesses risk for RC.RP-03",,,1.0,0,"2025-08-24 20:47:09","2025-08-24 20:47:09"
RC.RP-03_maturity,RC.RP-03,"How mature is your recovery planning and business continuity program?",multiple_choice,"This question assesses maturity for RC.RP-03",,,1.0,0,"2025-08-24 20:47:09","2025-08-24 20:47:09"
RC.RP-03_implementation,RC.RP-03,"How well implemented are your recovery planning and execution procedures?",multiple_choice,"This question assesses implementation for RC.RP-03",,,1.0,0,"2025-08-24 20:47:09","2025-08-24 20:47:09"
RC.RP-03_effectiveness,RC.RP-03,"How effective are your recovery procedures at restoring normal operations?",multiple_choice,"This question assesses effectiveness for RC.RP-03",,,1.0,0,"2025-08-24 20:47:09","2025-08-24 20:47:09"
RC.RP-04_risk,RC.RP-04,"What is the risk level associated with your recovery planning and execution capabilities?",multiple_choice,"This question assesses risk for RC.RP-04",,,1.0,0,"2025-08-24 20:47:09","2025-08-24 20:47:09"
RC.RP-04_maturity,RC.RP-04,"How mature is your recovery planning and business continuity program?",multiple_choice,"This question assesses maturity for RC.RP-04",,,1.0,0,"2025-08-24 20:47:09","2025-08-24 20:47:09"
RC.RP-04_implementation,RC.RP-04,"How well implemented are your recovery planning and execution procedures?",multiple_choice,"This question assesses implementation for RC.RP-04",,,1.0,0,"2025-08-24 20:47:09","2025-08-24 20:47:09"
RC.RP-04_effectiveness,RC.RP-04,"How effective are your recovery procedures at restoring normal operations?",multiple_choice,"This question assesses effectiveness for RC.RP-04",,,1.0,0,"2025-08-24 20:47:09","2025-08-24 20:47:09"
RC.RP-05_risk,RC.RP-05,"What is the risk level associated with your recovery planning and execution capabilities?",multiple_choice,"This question assesses risk for RC.RP-05",,,1.0,0,"2025-08-24 20:47:09","2025-08-24 20:47:09"
RC.RP-05_maturity,RC.RP-05,"How mature is your recovery planning and business continuity program?",multiple_choice,"This question assesses maturity for RC.RP-05",,,1.0,0,"2025-08-24 20:47:09","2025-08-24 20:47:09"
RC.RP-05_implementation,RC.RP-05,"How well implemented are your recovery planning and execution procedures?",multiple_choice,"This question assesses implementation for RC.RP-05",,,1.0,0,"2025-08-24 20:47:09","2025-08-24 20:47:09"
RC.RP-05_effectiveness,RC.RP-05,"How effective are your recovery procedures at restoring normal operations?",multiple_choice,"This question assesses effectiveness for RC.RP-05",,,1.0,0,"2025-08-24 20:47:09","2025-08-24 20:47:09"
RC.RP-06_risk,RC.RP-06,"What is the risk level associated with your recovery planning and execution capabilities?",multiple_choice,"This question assesses risk for RC.RP-06",,,1.0,0,"2025-08-24 20:47:09","2025-08-24 20:47:09"
RC.RP-06_maturity,RC.RP-06,"How mature is your recovery planning and business continuity program?",multiple_choice,"This question assesses maturity for RC.RP-06",,,1.0,0,"2025-08-24 20:47:09","2025-08-24 20:47:09"
RC.RP-06_implementation,RC.RP-06,"How well implemented are your recovery planning and execution procedures?",multiple_choice,"This question assesses implementation for RC.RP-06",,,1.0,0,"2025-08-24 20:47:09","2025-08-24 20:47:09"
RC.RP-06_effectiveness,RC.RP-06,"How effective are your recovery procedures at restoring normal operations?",multiple_choice,"This question assesses effectiveness for RC.RP-06",,,1.0,0,"2025-08-24 20:47:09","2025-08-24 20:47:09"
RS.AN-03_risk,RS.AN-03,"How would you assess the risk from gaps in your incident analysis processes?",multiple_choice,"This question assesses risk for RS.AN-03",,,1.0,0,"2025-08-24 20:47:09","2025-08-24 20:47:09"
RS.AN-03_maturity,RS.AN-03,"What is the maturity level of your incident analysis and forensics capabilities?",multiple_choice,"This question assesses maturity for RS.AN-03",,,1.0,0,"2025-08-24 20:47:09","2025-08-24 20:47:09"
RS.AN-03_implementation,RS.AN-03,"What is the implementation status of your incident analysis and forensics capabilities?",multiple_choice,"This question assesses implementation for RS.AN-03",,,1.0,0,"2025-08-24 20:47:09","2025-08-24 20:47:09"
RS.AN-03_effectiveness,RS.AN-03,"How effective are your incident analysis processes at determining root cause?",multiple_choice,"This question assesses effectiveness for RS.AN-03",,,1.0,0,"2025-08-24 20:47:09","2025-08-24 20:47:09"
RS.AN-06_risk,RS.AN-06,"How would you assess the risk from gaps in your incident analysis processes?",multiple_choice,"This question assesses risk for RS.AN-06",,,1.0,0,"2025-08-24 20:47:09","2025-08-24 20:47:09"
RS.AN-06_maturity,RS.AN-06,"What is the maturity level of your incident analysis and forensics capabilities?",multiple_choice,"This question assesses maturity for RS.AN-06",,,1.0,0,"2025-08-24 20:47:09","2025-08-24 20:47:09"
RS.AN-06_implementation,RS.AN-06,"What is the implementation status of your incident analysis and forensics capabilities?",multiple_choice,"This question assesses implementation for RS.AN-06",,,1.0,0,"2025-08-24 20:47:09","2025-08-24 20:47:09"
RS.AN-06_effectiveness,RS.AN-06,"How effective are your incident analysis processes at determining root cause?",multiple_choice,"This question assesses effectiveness for RS.AN-06",,,1.0,0,"2025-08-24 20:47:09","2025-08-24 20:47:09"
RS.AN-07_risk,RS.AN-07,"How would you assess the risk from gaps in your incident analysis processes?",multiple_choice,"This question assesses risk for RS.AN-07",,,1.0,0,"2025-08-24 20:47:09","2025-08-24 20:47:09"
RS.AN-07_maturity,RS.AN-07,"What is the maturity level of your incident analysis and forensics capabilities?",multiple_choice,"This question assesses maturity for RS.AN-07",,,1.0,0,"2025-08-24 20:47:09","2025-08-24 20:47:09"
RS.AN-07_implementation,RS.AN-07,"What is the implementation status of your incident analysis and forensics capabilities?",multiple_choice,"This question assesses implementation for RS.AN-07",,,1.0,0,"2025-08-24 20:47:09","2025-08-24 20:47:09"
RS.AN-07_effectiveness,RS.AN-07,"How effective are your incident analysis processes at determining root cause?",multiple_choice,"This question assesses effectiveness for RS.AN-07",,,1.0,0,"2025-08-24 20:47:09","2025-08-24 20:47:09"
RS.AN-08_risk,RS.AN-08,"How would you assess the risk from gaps in your incident analysis processes?",multiple_choice,"This question assesses risk for RS.AN-08",,,1.0,0,"2025-08-24 20:47:09","2025-08-24 20:47:09"
RS.AN-08_maturity,RS.AN-08,"What is the maturity level of your incident analysis and forensics capabilities?",multiple_choice,"This question assesses maturity for RS.AN-08",,,1.0,0,"2025-08-24 20:47:09","2025-08-24 20:47:09"
RS.AN-08_implementation,RS.AN-08,"What is the implementation status of your incident analysis and forensics capabilities?",multiple_choice,"This question assesses implementation for RS.AN-08",,,1.0,0,"2025-08-24 20:47:09","2025-08-24 20:47:09"
RS.AN-08_effectiveness,RS.AN-08,"How effective are your incident analysis processes at determining root cause?",multiple_choice,"This question assesses effectiveness for RS.AN-08",,,1.0,0,"2025-08-24 20:47:09","2025-08-24 20:47:09"
RS.CO-02_risk,RS.CO-02,"What risk level exists regarding your incident response communication and coordination?",multiple_choice,"This question assesses risk for RS.CO-02",,,1.0,0,"2025-08-24 20:47:09","2025-08-24 20:47:09"
RS.CO-02_maturity,RS.CO-02,"How mature are your incident response communication and coordination processes?",multiple_choice,"This question assesses maturity for RS.CO-02",,,1.0,0,"2025-08-24 20:47:09","2025-08-24 20:47:09"
RS.CO-02_implementation,RS.CO-02,"How completely implemented are your incident communication and coordination protocols?",multiple_choice,"This question assesses implementation for RS.CO-02",,,1.0,0,"2025-08-24 20:47:09","2025-08-24 20:47:09"
RS.CO-02_effectiveness,RS.CO-02,"How effective is your incident communication at coordinating response efforts?",multiple_choice,"This question assesses effectiveness for RS.CO-02",,,1.0,0,"2025-08-24 20:47:09","2025-08-24 20:47:09"
RS.CO-03_risk,RS.CO-03,"What risk level exists regarding your incident response communication and coordination?",multiple_choice,"This question assesses risk for RS.CO-03",,,1.0,0,"2025-08-24 20:47:09","2025-08-24 20:47:09"
RS.CO-03_maturity,RS.CO-03,"How mature are your incident response communication and coordination processes?",multiple_choice,"This question assesses maturity for RS.CO-03",,,1.0,0,"2025-08-24 20:47:09","2025-08-24 20:47:09"
RS.CO-03_implementation,RS.CO-03,"How completely implemented are your incident communication and coordination protocols?",multiple_choice,"This question assesses implementation for RS.CO-03",,,1.0,0,"2025-08-24 20:47:09","2025-08-24 20:47:09"
RS.CO-03_effectiveness,RS.CO-03,"How effective is your incident communication at coordinating response efforts?",multiple_choice,"This question assesses effectiveness for RS.CO-03",,,1.0,0,"2025-08-24 20:47:09","2025-08-24 20:47:09"
RS.MA-01_risk,RS.MA-01,"What is the risk level associated with your incident response management capabilities?",multiple_choice,"This question assesses risk for RS.MA-01",,,1.0,0,"2025-08-24 20:47:09","2025-08-24 20:47:09"
RS.MA-01_maturity,RS.MA-01,"How mature is your incident response management program?",multiple_choice,"This question assesses maturity for RS.MA-01",,,1.0,0,"2025-08-24 20:47:09","2025-08-24 20:47:09"
RS.MA-01_implementation,RS.MA-01,"How well implemented are your incident response management procedures?",multiple_choice,"This question assesses implementation for RS.MA-01",,,1.0,0,"2025-08-24 20:47:09","2025-08-24 20:47:09"
RS.MA-01_effectiveness,RS.MA-01,"How effective is your incident response management at minimizing impact?",multiple_choice,"This question assesses effectiveness for RS.MA-01",,,1.0,0,"2025-08-24 20:47:09","2025-08-24 20:47:09"
RS.MA-02_risk,RS.MA-02,"What is the risk level associated with your incident response management capabilities?",multiple_choice,"This question assesses risk for RS.MA-02",,,1.0,0,"2025-08-24 20:47:09","2025-08-24 20:47:09"
RS.MA-02_maturity,RS.MA-02,"How mature is your incident response management program?",multiple_choice,"This question assesses maturity for RS.MA-02",,,1.0,0,"2025-08-24 20:47:09","2025-08-24 20:47:09"
RS.MA-02_implementation,RS.MA-02,"How well implemented are your incident response management procedures?",multiple_choice,"This question assesses implementation for RS.MA-02",,,1.0,0,"2025-08-24 20:47:09","2025-08-24 20:47:09"
RS.MA-02_effectiveness,RS.MA-02,"How effective is your incident response management at minimizing impact?",multiple_choice,"This question assesses effectiveness for RS.MA-02",,,1.0,0,"2025-08-24 20:47:09","2025-08-24 20:47:09"
RS.MA-03_risk,RS.MA-03,"What is the risk level associated with your incident response management capabilities?",multiple_choice,"This question assesses risk for RS.MA-03",,,1.0,0,"2025-08-24 20:47:09","2025-08-24 20:47:09"
RS.MA-03_maturity,RS.MA-03,"How mature is your incident response management program?",multiple_choice,"This question assesses maturity for RS.MA-03",,,1.0,0,"2025-08-24 20:47:09","2025-08-24 20:47:09"
RS.MA-03_implementation,RS.MA-03,"How well implemented are your incident response management procedures?",multiple_choice,"This question assesses implementation for RS.MA-03",,,1.0,0,"2025-08-24 20:47:09","2025-08-24 20:47:09"
RS.MA-03_effectiveness,RS.MA-03,"How effective is your incident response management at minimizing impact?",multiple_choice,"This question assesses effectiveness for RS.MA-03",,,1.0,0,"2025-08-24 20:47:09","2025-08-24 20:47:09"
RS.MA-04_risk,RS.MA-04,"What is the risk level associated with your incident response management capabilities?",multiple_choice,"This question assesses risk for RS.MA-04",,,1.0,0,"2025-08-24 20:47:09","2025-08-24 20:47:09"
RS.MA-04_maturity,RS.MA-04,"How mature is your incident response management program?",multiple_choice,"This question assesses maturity for RS.MA-04",,,1.0,0,"2025-08-24 20:47:09","2025-08-24 20:47:09"
RS.MA-04_implementation,RS.MA-04,"How well implemented are your incident response management procedures?",multiple_choice,"This question assesses implementation for RS.MA-04",,,1.0,0,"2025-08-24 20:47:09","2025-08-24 20:47:09"
RS.MA-04_effectiveness,RS.MA-04,"How effective is your incident response management at minimizing impact?",multiple_choice,"This question assesses effectiveness for RS.MA-04",,,1.0,0,"2025-08-24 20:47:09","2025-08-24 20:47:09"
RS.MA-05_risk,RS.MA-05,"What is the risk level associated with your incident response management capabilities?",multiple_choice,"This question assesses risk for RS.MA-05",,,1.0,0,"2025-08-24 20:47:09","2025-08-24 20:47:09"
RS.MA-05_maturity,RS.MA-05,"How mature is your incident response management program?",multiple_choice,"This question assesses maturity for RS.MA-05",,,1.0,0,"2025-08-24 20:47:09","2025-08-24 20:47:09"
RS.MA-05_implementation,RS.MA-05,"How well implemented are your incident response management procedures?",multiple_choice,"This question assesses implementation for RS.MA-05",,,1.0,0,"2025-08-24 20:47:09","2025-08-24 20:47:09"
RS.MA-05_effectiveness,RS.MA-05,"How effective is your incident response management at minimizing impact?",multiple_choice,"This question assesses effectiveness for RS.MA-05",,,1.0,0,"2025-08-24 20:47:09","2025-08-24 20:47:09"
RS.MI-01_risk,RS.MI-01,"How would you rate the risk associated with your incident mitigation and containment abilities?",multiple_choice,"This question assesses risk for RS.MI-01",,,1.0,0,"2025-08-24 20:47:09","2025-08-24 20:47:09"
RS.MI-01_maturity,RS.MI-01,"What is the maturity of your incident mitigation and containment procedures?",multiple_choice,"This question assesses maturity for RS.MI-01",,,1.0,0,"2025-08-24 20:47:09","2025-08-24 20:47:09"
RS.MI-01_implementation,RS.MI-01,"What is the implementation status of your incident mitigation and containment measures?",multiple_choice,"This question assesses implementation for RS.MI-01",,,1.0,0,"2025-08-24 20:47:09","2025-08-24 20:47:09"
RS.MI-01_effectiveness,RS.MI-01,"How effective are your mitigation measures at containing and eliminating threats?",multiple_choice,"This question assesses effectiveness for RS.MI-01",,,1.0,0,"2025-08-24 20:47:09","2025-08-24 20:47:09"
RS.MI-02_risk,RS.MI-02,"How would you rate the risk associated with your incident mitigation and containment abilities?",multiple_choice,"This question assesses risk for RS.MI-02",,,1.0,0,"2025-08-24 20:47:09","2025-08-24 20:47:09"
RS.MI-02_maturity,RS.MI-02,"What is the maturity of your incident mitigation and containment procedures?",multiple_choice,"This question assesses maturity for RS.MI-02",,,1.0,0,"2025-08-24 20:47:09","2025-08-24 20:47:09"
RS.MI-02_implementation,RS.MI-02,"What is the implementation status of your incident mitigation and containment measures?",multiple_choice,"This question assesses implementation for RS.MI-02",,,1.0,0,"2025-08-24 20:47:09","2025-08-24 20:47:09"
RS.MI-02_effectiveness,RS.MI-02,"How effective are your mitigation measures at containing and eliminating threats?",multiple_choice,"This question assesses effectiveness for RS.MI-02",,,1.0,0,"2025-08-24 20:47:09","2025-08-24 20:47:09"
